-- --------------------------------------------------------
-- 호스트:                          i3a104.p.ssafy.io
-- 서버 버전:                        10.5.4-MariaDB-1:10.5.4+maria~bionic - mariadb.org binary distribution
-- 서버 OS:                        debian-linux-gnu
-- HeidiSQL 버전:                  11.0.0.5919
-- --------------------------------------------------------

/*!40101 SET @OLD_CHARACTER_SET_CLIENT=@@CHARACTER_SET_CLIENT */;
/*!40101 SET NAMES utf8 */;
/*!50503 SET NAMES utf8mb4 */;
/*!40014 SET @OLD_FOREIGN_KEY_CHECKS=@@FOREIGN_KEY_CHECKS, FOREIGN_KEY_CHECKS=0 */;
/*!40101 SET @OLD_SQL_MODE=@@SQL_MODE, SQL_MODE='NO_AUTO_VALUE_ON_ZERO' */;


-- ssafy 데이터베이스 구조 내보내기
CREATE DATABASE IF NOT EXISTS `ssafy` /*!40100 DEFAULT CHARACTER SET utf8mb4 */;
USE `ssafy`;

-- 테이블 ssafy.blog 구조 내보내기
CREATE TABLE IF NOT EXISTS `blog` (
  `blog_id` int(11) NOT NULL AUTO_INCREMENT,
  `user_id` int(11) NOT NULL,
  `recipe_id` int(11) DEFAULT NULL,
  `title` varchar(255) NOT NULL,
  `content` mediumtext DEFAULT NULL,
  `reg_time` datetime NOT NULL DEFAULT current_timestamp(),
  `tag1` varchar(255) DEFAULT NULL,
  `tag2` varchar(255) DEFAULT NULL,
  `tag3` varchar(255) DEFAULT NULL,
  PRIMARY KEY (`blog_id`),
  KEY `user_id` (`user_id`),
  KEY `recipe_id` (`recipe_id`),
  CONSTRAINT `blog_ibfk_2` FOREIGN KEY (`user_id`) REFERENCES `user` (`user_id`) ON DELETE CASCADE,
  CONSTRAINT `recipe_id_blog` FOREIGN KEY (`recipe_id`) REFERENCES `recipe` (`recipe_id`) ON DELETE CASCADE
) ENGINE=InnoDB AUTO_INCREMENT=60 DEFAULT CHARSET=utf8mb4;

-- 테이블 데이터 ssafy.blog:~28 rows (대략적) 내보내기
/*!40000 ALTER TABLE `blog` DISABLE KEYS */;
INSERT INTO `blog` (`blog_id`, `user_id`, `recipe_id`, `title`, `content`, `reg_time`, `tag1`, `tag2`, `tag3`) VALUES
	(23, 2, NULL, 'hello', 'content', '2020-08-05 06:09:30', 'hi', NULL, NULL),
	(24, 2, NULL, 'hello', 'content', '2020-08-05 06:09:54', 'hi', NULL, NULL),
	(25, 2, NULL, 'hello', 'content', '2020-08-05 06:10:48', 'hi', NULL, NULL),
	(26, 2, NULL, 'hello', 'content', '2020-08-05 06:10:48', 'hi', NULL, NULL),
	(27, 2, NULL, 'hello', 'content', '2020-08-05 06:10:48', 'hi', NULL, NULL),
	(32, 2, NULL, 'test 3', 'test 12', '2020-08-05 06:27:50', 't1', 't2', NULL),
	(33, 2, NULL, 'test', 'test <font color="#ab0d0d" face="fantasy" style="font-size: 50px;">content </font><b>style</b><div><ol><li><b>one</b></li><li><b>two</b></li><li><b>three</b></li></ol><ul style=""><i style="background-color: rgb(122, 218, 27);"><li style="text-align: right;">this</li><li style="text-align: right;">that</li></i></ul><span style="background-color: rgb(122, 185, 60);">test1<sub>2</sub></span><span style="font-size: 10.5px; vertical-align: super; background-color: rgb(122, 185, 60);">9</span></div><div><span style="background-color: rgb(255, 255, 255);"><font style="font-size: 40px;"><b>te</b></font></span><br></div><div style="text-align: left;"><font style="font-size: 40px;"><i style=""><u style="background-color: rgb(212, 33, 33);">test2</u></i></font></div>', '2020-08-05 08:54:03', 's', 'fef', NULL),
	(34, 2, NULL, '시간 테스트', '시간을 테스트 합니다.', '2020-08-05 13:42:48', '수정', '수정', NULL),
	(35, 2, NULL, 'ㅎㅎㅎㅎㅎㅎㅎㅎㅎㅎㅎㅎㅎㅎㅎㅎㅎㅎㅎㅎㅎㅎㅎㅎㅎㅎㅎㅎㅎㅎㅎㅎㅎㅎㅎㅎㅎㅎㅎㅎㅎ', '수정 성공', '2020-08-05 15:25:47', '수정', '성공!', NULL),
	(36, 2, NULL, '텍스트 에디터v2 로 제발 페이지야 넘어가주라', '텍스트 에디터v2 로 제발 수정아 되어다오', '2020-08-05 15:48:01', 'v2', '수정', '플리즈'),
	(37, 2, NULL, '페이징 처리를 위한 더미 데이터', '페이징 처리를 위한 더미 데이터', '2020-08-05 15:53:32', NULL, NULL, NULL),
	(39, 2, NULL, 'aszfda', '<img src="http://i3a104.p.ssafy.io/img/20200810181046307_bootstrap.png">s', '2020-08-11 03:11:16', NULL, NULL, NULL),
	(40, 1, NULL, '안녕하세요', '<div style="text-align: center;">안녕하세요 제 글이 보이시나요</div><div style="text-align: center;"><font face="Swiss" style="font-size: 30px;" color="#05ff9f"><b>보이시면 손을 흔들어주세요~!</b></font></div><div style="text-align: center;"><font face="Swiss" style="font-size: 30px;" color="#05ff9f"><br></font></div><div><font face="Swiss" style="font-size: 30px;" color="#05ff9f"><br><img src="http://i3a104.p.ssafy.io/img/20200816112628383_간기떡3.PNG"></font></div>', '2020-08-16 20:26:55', '떡볶이', NULL, NULL),
	(41, 2, NULL, '안녕하세여', '안녕하시와요 하와와왕', '2020-08-17 13:47:12', '애기코옥짱', NULL, NULL),
	(42, 2, 132, '멍! 멍멍멍! 멍멍멍멍! 멍ㅁ어멍머엄ㅇ!', '<i><u><b>맛있는 간식이 먹고 싶다.</b></u></i>', '2020-08-17 16:32:58', '멍스타그램', NULL, NULL),
	(44, 1, 80, '하이하이', '하이하이&nbsp;<div>맛잇ㅆ는 미트볼</div><div><br></div>', '2020-08-17 19:01:45', '하이', '인사', NULL),
	(46, 2, NULL, 'test', 't<font color="#ac1616">esta<span style="background-color: rgb(37, 76, 36);">setse</span></font><span style="background-color: rgb(37, 76, 36);">taestaet</span><div><img src="http://i3a104.p.ssafy.io/img/2020081802420748_help.png" style="width: 128px; height: 128px;"><br></div>', '2020-08-18 09:24:42', NULL, NULL, NULL),
	(48, 34, 149, '바지락 마늘 볶음밥 해먹어야징', '<div style="text-align: justify;">맛있겠당</div><div style="text-align: justify;">다음에 해먹어야지!</div>', '2020-08-18 13:26:06', '바지락', '해산물', '마늘'),
	(49, 0, 148, 'ㅎㅎㅎㅎ', '테스트입니다.', '2020-08-19 01:59:55', '태그', NULL, NULL),
	(50, 0, NULL, 'ㅎㅎ', 'ㅎ<font size="7">ㅎ</font>ㅎ', '2020-08-19 02:01:04', NULL, NULL, NULL),
	(51, 43, NULL, '게시글 테스트', 'ㅎㅎㅎㅎ', '2020-08-19 20:47:32', NULL, NULL, NULL),
	(52, 43, NULL, 'ㅎㅎ', 'ㅎㅎㅎㅎ', '2020-08-19 20:56:43', NULL, NULL, NULL),
	(54, 43, 152, 'ㅎㅎㅎ', 'ㅎㅎㅎㅎ', '2020-08-19 21:04:00', NULL, NULL, NULL),
	(55, 43, NULL, 'ㅎㅎㅎㅎㅎㅎㅎㅎ', 'ㅎㅎㅎ', '2020-08-19 21:04:08', NULL, NULL, NULL),
	(56, 38, 152, '오늘 내가 해먹은 요리!!', '오늘은 코옥을 보고 치킨 데리야끼 덮밥을 해먹어봤당~', '2020-08-19 22:10:54', '치킨', '치밥', '혼밥'),
	(57, 38, 147, '오늘 내가 해먹을 요리!!', '내일은 부타동을 해먹어봐야겠다!!', '2020-08-20 18:06:42', '혼밥', '맛밥', NULL),
	(58, 104, 148, '내일 해 먹을 요리!!', '내일은 요리하기 게시판에서 보고 따라해봐야지!!', '2020-08-20 20:08:05', '혼밥', '맛밥', NULL),
	(59, 43, 182, '내일 해먹고 싶은 레시피를 찾았어요!!', '제가 정말 빵을 좋아하는데, 이 레시피 정말 맛있을 것 같지않나요??<div><br></div><div>내일은 꼭 이 요리를 해보려고하는데, 저장해놓으려고 글을 남겨둡니다.</div><div><br></div><div><b><font size="7">1분 완성 콘치즈 토스트!</font> </b>너무 기대돼요!</div>', '2020-08-22 21:26:40', '간식', '빵', '옥수수');
/*!40000 ALTER TABLE `blog` ENABLE KEYS */;

-- 테이블 ssafy.blog_photo 구조 내보내기
CREATE TABLE IF NOT EXISTS `blog_photo` (
  `blog_photo_id` int(11) NOT NULL,
  `blog_id` int(11) NOT NULL,
  `photo_src` varchar(255) NOT NULL DEFAULT '',
  PRIMARY KEY (`blog_photo_id`),
  KEY `blog_id` (`blog_id`),
  CONSTRAINT `blog_id` FOREIGN KEY (`blog_id`) REFERENCES `blog` (`blog_id`) ON DELETE CASCADE
) ENGINE=InnoDB DEFAULT CHARSET=utf8mb4;

-- 테이블 데이터 ssafy.blog_photo:~0 rows (대략적) 내보내기
/*!40000 ALTER TABLE `blog_photo` DISABLE KEYS */;
/*!40000 ALTER TABLE `blog_photo` ENABLE KEYS */;

-- 테이블 ssafy.favorite_category 구조 내보내기
CREATE TABLE IF NOT EXISTS `favorite_category` (
  `favorite_id` int(11) NOT NULL AUTO_INCREMENT,
  `user_id` int(11) NOT NULL,
  `food_category_id` int(11) NOT NULL,
  PRIMARY KEY (`favorite_id`),
  KEY `favorite_ibfk_1` (`user_id`),
  KEY `favorite_ibfk_2` (`food_category_id`),
  CONSTRAINT `favorite_category_ibfk_1` FOREIGN KEY (`user_id`) REFERENCES `user` (`user_id`) ON DELETE CASCADE,
  CONSTRAINT `favorite_category_ibfk_2` FOREIGN KEY (`food_category_id`) REFERENCES `food_category` (`food_category_id`) ON DELETE CASCADE
) ENGINE=InnoDB AUTO_INCREMENT=204 DEFAULT CHARSET=utf8mb4 COMMENT='유저가 좋아하는 음식 카테고리들';

-- 테이블 데이터 ssafy.favorite_category:~38 rows (대략적) 내보내기
/*!40000 ALTER TABLE `favorite_category` DISABLE KEYS */;
INSERT INTO `favorite_category` (`favorite_id`, `user_id`, `food_category_id`) VALUES
	(146, 1, 4),
	(147, 1, 14),
	(148, 1, 24),
	(149, 1, 22),
	(150, 1, 21),
	(151, 1, 15),
	(152, 1, 1),
	(153, 1, 2),
	(154, 1, 3),
	(155, 1, 7),
	(156, 1, 11),
	(157, 1, 16),
	(158, 1, 17),
	(159, 1, 18),
	(160, 1, 19),
	(161, 1, 20),
	(162, 1, 8),
	(163, 1, 12),
	(164, 1, 13),
	(176, 0, 1),
	(184, 34, 6),
	(185, 34, 25),
	(186, 34, 14),
	(187, 34, 20),
	(188, 34, 12),
	(189, 34, 18),
	(192, 43, 1),
	(193, 38, 17),
	(194, 38, 12),
	(195, 38, 4),
	(196, 38, 5),
	(197, 38, 8),
	(198, 104, 11),
	(199, 104, 12),
	(200, 104, 1),
	(201, 104, 15),
	(202, 104, 24),
	(203, 104, 14);
/*!40000 ALTER TABLE `favorite_category` ENABLE KEYS */;

-- 테이블 ssafy.food_category 구조 내보내기
CREATE TABLE IF NOT EXISTS `food_category` (
  `food_category_id` int(11) NOT NULL AUTO_INCREMENT,
  `food_category_name` varchar(128) DEFAULT NULL,
  PRIMARY KEY (`food_category_id`)
) ENGINE=InnoDB AUTO_INCREMENT=26 DEFAULT CHARSET=utf8mb4;

-- 테이블 데이터 ssafy.food_category:~22 rows (대략적) 내보내기
/*!40000 ALTER TABLE `food_category` DISABLE KEYS */;
INSERT INTO `food_category` (`food_category_id`, `food_category_name`) VALUES
	(1, '한식'),
	(2, '중식'),
	(3, '일식'),
	(4, '동남아식'),
	(5, '인도식'),
	(6, '멕시칸'),
	(7, '양식'),
	(8, '퓨전'),
	(11, '육류'),
	(12, '채소류'),
	(13, '김치'),
	(14, '해산물'),
	(15, '밥'),
	(16, '국물 요리'),
	(17, '면'),
	(18, '찜/조림/구이'),
	(19, '볶음/튀김/부침'),
	(20, '나물/샐러드'),
	(21, '베이킹/디저트'),
	(22, '음료/차/커피'),
	(24, '간식'),
	(25, '반찬');
/*!40000 ALTER TABLE `food_category` ENABLE KEYS */;

-- 테이블 ssafy.ingredient 구조 내보내기
CREATE TABLE IF NOT EXISTS `ingredient` (
  `ingredient_id` int(11) NOT NULL AUTO_INCREMENT,
  `name` varchar(128) NOT NULL,
  `detail` varchar(255) DEFAULT NULL,
  `base_amount` int(11) DEFAULT 100,
  `unit` varchar(10) NOT NULL DEFAULT 'g',
  `calorie` int(11) DEFAULT 0,
  `carbon` int(11) DEFAULT 0,
  `fat` int(11) DEFAULT 0,
  `protein` int(11) DEFAULT 0,
  `natrium` int(11) DEFAULT 0,
  `sugar` int(11) DEFAULT 0,
  PRIMARY KEY (`ingredient_id`)
) ENGINE=InnoDB AUTO_INCREMENT=105 DEFAULT CHARSET=utf8mb4;

-- 테이블 데이터 ssafy.ingredient:~81 rows (대략적) 내보내기
/*!40000 ALTER TABLE `ingredient` DISABLE KEYS */;
INSERT INTO `ingredient` (`ingredient_id`, `name`, `detail`, `base_amount`, `unit`, `calorie`, `carbon`, `fat`, `protein`, `natrium`, `sugar`) VALUES
	(1, '밥', '쌀밥', 200, 'g', 73, 10, 1, 6, 100, 9),
	(2, '김치', NULL, 40, 'g', 10, 2, 0, 1, 93, 0),
	(3, '참치', NULL, 100, 'g', 245, 1, 18, 20, 410, 0),
	(4, '계란', '날계란', 1, '개', 80, 0, 6, 6, 61, 0),
	(5, '대파', NULL, 100, 'g', 22, 7, 0, 1, 17, 0),
	(6, '꽃소금', NULL, 1, '작은술', 0, 0, 0, 0, 494, 0),
	(7, '식용유', NULL, 20, 'g', 180, 0, 20, 0, 0, 0),
	(8, '돼지목살', NULL, 100, 'g', 171, 0, 12, 14, 0, 0),
	(9, '물', NULL, 200, 'ml', 380, 53, 13, 10, 740, 2),
	(11, '미역', '마른 미역', 100, 'g', 300, 40, 5, 20, 1800, 0),
	(12, '간장', NULL, 1, '큰술', 9, 1, 0, 0, 0, 0),
	(13, '옥수수', NULL, 1, '개', 80, 18, 0, 2, 40, 15),
	(14, '소금', NULL, 10, 'g', 0, 0, 0, 0, 4000, 0),
	(15, '버터', NULL, 15, 'g', 113, 0, 12, 0, 75, 0),
	(17, '떡국떡', NULL, 150, 'g', 345, 77, 1, 7, 330, 0),
	(18, '된장', NULL, 10, 'g', 13, 2, 0, 1, 499, 0),
	(19, '설탕', NULL, 100, 'g', 387, 99, 0, 0, 0, 99),
	(20, '국간장', NULL, 100, 'ml', 60, 8, 0, 7, 9600, 1),
	(21, '마요네즈', NULL, 1, '큰술', 105, 0, 11, 69, 4500, 4),
	(22, '참기름', NULL, 1, '큰술', 84, 0, 12, 0, 0, 0),
	(23, '소고기', NULL, 100, 'g', 290, 6, 10, 42, 340, 4),
	(24, '다진마늘', NULL, 100, 'g', 140, 28, 0, 8, 360, 2),
	(25, '후추', NULL, 1, '작은술', 200, 30, 4, 6, 0, 0),
	(26, '고춧가루', NULL, 3, 'g', 10, 2, 0, 0, 0, 0),
	(27, '파슬리가루', NULL, 2, 'g', 6, 1, 0, 1, 9, 0),
	(28, '통깨', NULL, 1, '꼬집', 10, 1, 1, 0, 0, 0),
	(29, '식빵', NULL, 1, '장', 112, 20, 2, 4, 205, 1),
	(30, '치즈', NULL, 1, '장', 50, 1, 4, 3, 220, 1),
	(31, '떡볶이떡', '밀떡볶이', 100, 'g', 240, 50, 2, 6, 291, 0),
	(32, '진간장', NULL, 1, '큰술', 10, 1, 0, 1, 940, 0),
	(34, '연어', NULL, 4, '개', 57, 7, 3, 0, 0, 0),
	(35, '양파', NULL, 1, '개', 36, 8, 0, 1, 2, 0),
	(36, '무순', NULL, 100, 'g', 43, 4, 3, 4, 6, 0),
	(37, '식초', NULL, 1, '큰술', 5, 0, 0, 0, 0, 0),
	(38, '나쵸', NULL, 10, 'g', 28, 1, 2, 3, 60, 0),
	(39, '와사비', NULL, 1, '작은술', 4, 56, 6, 12, 16, 0),
	(41, '레몬즙', NULL, 1, '큰술', 4, 1, 0, 0, 18, 0),
	(42, '미트볼', NULL, 150, 'g', 245, 22, 11, 15, 920, 5),
	(43, '반숙란', NULL, 1, '개', 76, 3, 5, 6, 188, 0),
	(44, '밀가루', NULL, 100, 'g', 330, 75, 1, 10, 0, 0),
	(45, '파스타면', NULL, 100, 'g', 340, 69, 2, 13, 10, 2),
	(47, '마늘', NULL, 100, 'g', 120, 30, 0, 9, 5, 24),
	(48, '버터', NULL, 15, 'g', 110, 0, 12, 0, 63, 0),
	(49, '토마토소스', NULL, 30, 'g', 13, 3, 0, 1, 162, 0),
	(50, '생크림', NULL, 70, 'g', 126, 0, 0, 4, 182, 3),
	(51, '우유', NULL, 200, 'ml', 135, 10, 8, 6, 100, 10),
	(52, '메추리알', NULL, 50, 'g', 75, 1, 5, 6, 90, 0),
	(53, '맛술', NULL, 1, '큰술', 15, 0, 0, 0, 0, 0),
	(54, '라면', NULL, 1, '봉', 605, 91, 22, 11, 1080, 7),
	(55, '고추', NULL, 70, 'g', 19, 4, 0, 1, 10, 0),
	(56, '콩나물', NULL, 100, 'g', 53, 3, 3, 3, 12, 0),
	(57, '순두부', NULL, 400, 'g', 240, 16, 13, 18, 9, 0),
	(58, '베이컨', NULL, 1, '장', 49, 0, 4, 3, 155, 0),
	(59, '매실액', NULL, 1, '큰술', 33, 8, 0, 0, 0, 0),
	(60, '물엿', NULL, 1, '큰술', 44, 11, 0, 0, 0, 0),
	(61, '청주', NULL, 1, '큰술', 19, 0, 0, 0, 0, 0),
	(63, '케첩', NULL, 1, '큰술', 15, 3, 6, 0, 1, 3),
	(64, '머스터드', NULL, 1, '큰술', 0, 0, 0, 0, 18, 0),
	(71, '스팸', '햄', 200, 'g', 273, 39, 9, 9, 684, 0),
	(72, '고추장', NULL, 15, 'g', 33, 7, 0, 0, 251, 0),
	(75, '굴소스', NULL, 100, 'g', 51, 10, 1, 1, 2733, 0),
	(76, '숙주', NULL, 100, 'g', 20, 2, 0, 3, 15, 0),
	(77, '당근', NULL, 100, 'g', 41, 9, 1, 1, 69, 4),
	(78, '홍차티백', NULL, 1, '티백', 2, 0, 1, 0, 21, 0),
	(79, '생강', NULL, 100, 'g', 80, 17, 1, 2, 13, 2),
	(80, '햄', NULL, 100, 'g', 163, 4, 9, 17, 1304, 0),
	(81, '사과', NULL, 1, '개', 72, 20, 1, 1, 1, 15),
	(82, '오이', NULL, 1, '개', 45, 11, 1, 2, 6, 5),
	(83, '올리고당', NULL, 10, 'g', 25, 8, 0, 0, 0, 4),
	(85, '대패삼겹살', NULL, 100, 'g', 298, 1, 25, 15, 839, 1),
	(86, '두부', NULL, 1, '모', 396, 15, 20, 40, 160, 4),
	(87, '소면', NULL, 100, 'g', 340, 69, 3, 9, 1530, 7),
	(88, '바지락', NULL, 100, 'g', 67, 3, 1, 11, 51, 0),
	(89, '올리브유', NULL, 100, 'g', 884, 0, 100, 0, 2, 0),
	(90, '닭고기', NULL, 100, 'g', 111, 0, 3, 21, 75, 0),
	(92, '강력분', NULL, 100, 'g', 355, 73, 1, 13, 5, 4),
	(93, '박력분', NULL, 100, 'g', 355, 78, 1, 8, 40, 2),
	(94, '이스트', NULL, 5, 'g', 20, 2, 0, 3, 0, 0),
	(95, '무염버터', NULL, 10, 'g', 74, 0, 8, 0, 1, 0),
	(96, '슈가파우더', NULL, 100, 'g', 40, 10, 0, 0, 1, 9),
	(104, '옥수수캔', NULL, 100, 'g', -1, -1, -1, -1, -1, -1);
/*!40000 ALTER TABLE `ingredient` ENABLE KEYS */;

-- 테이블 ssafy.like_recipe 구조 내보내기
CREATE TABLE IF NOT EXISTS `like_recipe` (
  `like_id` int(11) NOT NULL AUTO_INCREMENT,
  `recipe_id` int(11) NOT NULL,
  `user_id` int(11) NOT NULL,
  PRIMARY KEY (`like_id`),
  KEY `FK__recipe` (`recipe_id`),
  KEY `FK__user` (`user_id`),
  CONSTRAINT `FK__recipe` FOREIGN KEY (`recipe_id`) REFERENCES `recipe` (`recipe_id`) ON DELETE CASCADE,
  CONSTRAINT `FK__user` FOREIGN KEY (`user_id`) REFERENCES `user` (`user_id`) ON DELETE CASCADE
) ENGINE=InnoDB AUTO_INCREMENT=106 DEFAULT CHARSET=utf8mb4 COMMENT='유저가 좋아하는 레시피들';

-- 테이블 데이터 ssafy.like_recipe:~17 rows (대략적) 내보내기
/*!40000 ALTER TABLE `like_recipe` DISABLE KEYS */;
INSERT INTO `like_recipe` (`like_id`, `recipe_id`, `user_id`) VALUES
	(71, 71, 38),
	(72, 73, 38),
	(79, 86, 1),
	(80, 86, 38),
	(81, 86, 34),
	(85, 92, 2),
	(88, 92, 34),
	(90, 82, 1),
	(91, 80, 5),
	(92, 78, 5),
	(93, 76, 5),
	(94, 74, 5),
	(95, 132, 5),
	(97, 140, 1),
	(98, 147, 1),
	(99, 152, 1),
	(101, 147, 9);
/*!40000 ALTER TABLE `like_recipe` ENABLE KEYS */;

-- 테이블 ssafy.meet 구조 내보내기
CREATE TABLE IF NOT EXISTS `meet` (
  `meet_id` int(11) NOT NULL AUTO_INCREMENT,
  `user_id` int(11) NOT NULL DEFAULT 0,
  `recipe_id` int(11) DEFAULT NULL,
  `thumbnail_src` varchar(255) NOT NULL DEFAULT '0',
  `type` varchar(10) NOT NULL DEFAULT '0',
  `join_limit` int(11) NOT NULL DEFAULT 0,
  `price` int(11) NOT NULL DEFAULT 0,
  `title` varchar(255) NOT NULL DEFAULT '0',
  `content` mediumtext NOT NULL DEFAULT '0',
  `date` datetime NOT NULL DEFAULT current_timestamp(),
  `address` varchar(255) NOT NULL DEFAULT '0',
  `lat` double DEFAULT NULL,
  `lng` double DEFAULT NULL,
  PRIMARY KEY (`meet_id`),
  KEY `FK_meet_user` (`user_id`),
  KEY `FK_meet_recipe` (`recipe_id`),
  CONSTRAINT `FK_meet_recipe` FOREIGN KEY (`recipe_id`) REFERENCES `recipe` (`recipe_id`) ON DELETE CASCADE,
  CONSTRAINT `FK_meet_user` FOREIGN KEY (`user_id`) REFERENCES `user` (`user_id`) ON DELETE CASCADE
) ENGINE=InnoDB AUTO_INCREMENT=60 DEFAULT CHARSET=utf8mb4;

-- 테이블 데이터 ssafy.meet:~13 rows (대략적) 내보내기
/*!40000 ALTER TABLE `meet` DISABLE KEYS */;
INSERT INTO `meet` (`meet_id`, `user_id`, `recipe_id`, `thumbnail_src`, `type`, `join_limit`, `price`, `title`, `content`, `date`, `address`, `lat`, `lng`) VALUES
	(40, 38, 152, '20200817153738865_제목 없음.png', '쿠킹클래스', 30, 20000, '치밥 쿠킹 클래스 가자!', '<b><font style="font-size: 35px;">치밥 쿠킹 클래스를 모집합니다!!</font></b><div><span style="font-size: 35px;"><b><br></b></span><div><font style="font-size: 30px;">맛있는 치밥을 같이 만드실 분!!</font></div><div><font style=""><b style=""><font style="" size="7">선착순 30분</font></b><font style="font-size: 35px;">을 쿠킹 클래스로 모십니다~</font></font></div><div><font style="font-size: 30px;">8/30일 멀티캠퍼스에서 치밥파티가 열립니다</font></div><div><font style="font-size: 30px;">많은 참석 바랍니다ㅎㅎ</font></div><div><font style="font-size: 30px;"><br></font></div><div><font style="font-size: 30px;">문의 : 010 - 0000 - 0000</font></div></div>', '2020-08-30 18:00:00', '서울 강남구 테헤란로 212 12층', 37.5012767241426, 127.039600248343),
	(42, 9, 140, '20200817155259765_아빠.png', '쿠킹클래스', 10, 30000, '아빠를 부탁해', '<font style="font-size: 40px;"><b>아빠와 함께하는 요리키친!</b></font><div><span style="font-size: 40px;"><b><br></b></span><div><font style="font-size: 35px;">이번주 아빠를 부탁해는 <b>\'두부 깐풍기!!\'</b></font></div><div><font style="font-size: 35px;"><b><br></b></font></div><div><font style="font-size: 35px;"><b>매콤달콤 두부요리</b></font></div><div><font style="font-size: 35px;">집에서 즐길수 있는 중식요리를 원하는 아빠는</font></div><div><font style="font-size: 35px;">바로 등록하세요 ~~</font></div></div>', '2020-08-31 14:30:00', '서울 중구 필동로1길 30 본관 로비', 37.5589366401553, 126.998737605491),
	(44, 38, 85, '202008181482043_공유주방.png', '공유키친', 5, 30000, '지금은 \'공유주방\' 시대', '<font style="" size="7">1인가구가 많은 요즘</font><div><font style="" size="7">지금은&nbsp;<b><u>\'공유주방\'</u></b> 시대!!</font></div><div><font style="" size="7">모두 공유주방으로 오셔서</font></div><div><font style="" size="7">맛있는 음식도 공유하시고</font></div><div><font style="" size="7">좋은 인연도 쌓으세요 ㅎㅎ</font></div><div><br></div>', '2020-09-03 19:00:00', '경기 성남시 분당구 판교역로146번길 20 5층 공유주방', 37.3927946193963, 127.1120874858),
	(45, 43, 79, '2020081815517356_공유키친2.png', '공유키친', 10, 50000, '나누다 키친 2020', '<div style="text-align: center;"><font style="font-size: 22px;">다시 돌아온 나누다 키친!!</font></div><div style="text-align: center;"><font style="font-size: 22px;">2020 <u>나누다 키친</u> 다같이 참여하세요!!</font></div><div style="text-align: center;"><font style="font-size: 22px;">요리의 기초부터 자취생 끝판왕 요리까지</font></div><div style="text-align: center;"><font style="font-size: 22px;">많은 참여 부탁드립니다 굿굿</font></div>', '2020-09-21 18:00:00', '서울 서초구 신반포로 지하 188 센트럴시티 15층 나누다키친 행사장', 37.504647182738, 127.004442096367),
	(46, 1, 148, '202008182350619_공유키친2.png', '홈파티', 10, 0, 'DINNER  홈 파티', '<font style="font-size: 22px;">8/29 불금!! DINNER 홈 파티를 개최합니다</font><div><font style="font-size: 22px;">장소는 신논현역 4번출구 디너파티 빌딩!!</font></div><div><font style="font-size: 22px;">참가비 무료!!</font></div><div><font style="font-size: 22px;">맛있는 음식들과 함께 파티를 즐겨보아요~~</font></div>', '2020-08-29 20:00:00', '서울 강남구 봉은사로 지하 102 디너파티 빌딩 5층', 37.5046341625192, 127.025031333453),
	(47, 1, 86, '2020081822145249_쿠킹클래스.png', '쿠킹클래스', 20, 30000, '온가족이 즐기는 쿠킹클래스~', '<font size="7">온가족이 함께 즐기는 쿠킹클래스!!</font><div><font size="7">부담없이 가족단위로 와서</font></div><div><font size="7">함께 즐기세요~</font></div><div><font size="7"><br></font></div><div><font size="7">요리 어렵지 않아요~~</font></div><div><font size="7">문의 : 010 - 0000 - 0000</font></div>', '2020-08-23 17:00:00', '서울 중구 퇴계로 77 신세계 백화점 본점 본관 7층 공유주방', 37.5603599185351, 126.980776129884),
	(48, 43, 79, '20200818234137_공유주방3.png', '공유키친', 5, 10000, '주방을 빌려드립니다!', '1인 가구 시대!<div>청년 및 취약계층을 위하여 주방을 빌려드립니다.</div><div>맘껏 공유 주방을 사용하세요!</div><div>선착순으로 등록을 마감하니 빠른 등록 부탁드립니다.</div><div>장소는 신논현역 주방빌딩 입니다</div>', '2020-09-06 12:00:00', '서울 강남구 봉은사로 지하 102 신논현역 6번 출구 주방빌딩 5층 공유주방', 37.5046341625192, 127.025031333453),
	(49, 9, 147, '202008182415148_홈파티.png', '홈파티', 10, 50000, '매일 소중한 사람들과 TABLE', '<font style="font-size: 20px;">매일 소중한 사람들과 함께하는 홈파티 테이블 (TABLE)</font><div><span style="font-size: 20px;">지친 일상에서 벗어나고 싶을땐</span></div><div><span style="font-size: 20px;">TABLE로 모이세요</span></div><div><span style="font-size: 20px;">TABLE은 여러분들과 함께 합니다.<br></span><div><br></div></div>', '2020-08-30 20:00:00', '서울 용산구 이태원로 지하 177 이태원역 3번 출구 TABLE 빌딩', 37.534483277545, 126.993721655506),
	(50, 38, 92, '2020081824759869_먹파티.png', '홈파티', 30, 30000, '먹파티 먹으면 복이와요', '다시 돌아온 먹파티~!!<div>먹으면 복이옵니다</div><div>이번에 돌아온 먹파티는 초특급 쉐프와 함께하니</div><div>기대하셔도 좋습니다!!</div><div><br></div>', '2020-10-04 20:00:00', '서울 송파구 올림픽로 지하 23 종합운동장 실내체육관', 37.5109692748993, 127.073356018706),
	(54, 43, 148, '202008205242407_홈파티.jpg', '홈파티', 12, 10000, '밥 한끼해요', '<font style="font-size: 30px;">힘든 프로젝트를 끝낸 <b>여러분</b>!</font><div><font style="font-size: 30px;">함께 밥 한끼하면서 스트레스를 풀어봐요</font></div><div><font style="font-size: 30px;"><img src="http://i3a104.p.ssafy.io/img/20200820527718_asparagus-2169305_1280.jpg" style="width: 700px; height: 500px;"><br></font></div>', '2020-08-22 18:00:00', '서울 강남구 테헤란로 212 로비', 37.5012767241426, 127.039600248343),
	(55, 43, 74, '20200820548200_쿠킹클.jpg', '쿠킹클래스', 6, 2000, '감자 요리를 해봅시다!', '감자는 맛도 좋고 영양도 좋아요!<div><br></div><div>다들 감자를 이용해서 다양한 요리를 해봅시다!!!</div>', '2020-08-23 14:00:00', '서울 강남구 테헤란로 지하 340', 37.5045028775835, 127.048942471228),
	(56, 43, 152, '202008205456178_공유.jpg', '공유키친', 5, 2000, '다양한 재료가 있는 주방입니다.', '보통 때 해보지 못한 요리를 함께 시도해봐요!', '2020-08-24 14:00:00', '서울 관악구 관악로 145', 37.4782106746327, 126.951501244173),
	(58, 104, 152, '2020082011353490_소모임.png', '쿠킹클래스', 5, 50000, '햄, 소시지, 베이컨 쿠킹클래스!!', '모두 모여서 <b>US PORK</b> 테이블 쿠킹클래스를 즐겨보아요!!<div>매일매일먹어도 맛잇는 햄 소시지 베이컨 입니다</div><div>쿠킹 클래스 어서오세요!!</div><div><img src="http://i3a104.p.ssafy.io/img/2020082011314361_cook3.png" style="width: 300px; height: 200px;"><br></div>', '2020-08-23 20:00:00', '서울 강남구 테헤란로 212 멀티캠퍼스 7층 서울1반 강의장', 37.5012767241426, 127.039600248343);
/*!40000 ALTER TABLE `meet` ENABLE KEYS */;

-- 테이블 ssafy.meet_join 구조 내보내기
CREATE TABLE IF NOT EXISTS `meet_join` (
  `meet_join_id` int(11) NOT NULL AUTO_INCREMENT,
  `meet_id` int(11) DEFAULT NULL,
  `user_id` int(11) NOT NULL,
  `online_id` int(11) DEFAULT NULL,
  PRIMARY KEY (`meet_join_id`),
  KEY `meet_id` (`meet_id`),
  KEY `user_id` (`user_id`),
  KEY `online_id` (`online_id`),
  CONSTRAINT `meet_id` FOREIGN KEY (`meet_id`) REFERENCES `meet` (`meet_id`) ON DELETE CASCADE,
  CONSTRAINT `online_id` FOREIGN KEY (`online_id`) REFERENCES `online` (`online_id`) ON DELETE CASCADE,
  CONSTRAINT `user_id` FOREIGN KEY (`user_id`) REFERENCES `user` (`user_id`) ON DELETE CASCADE
) ENGINE=InnoDB AUTO_INCREMENT=74 DEFAULT CHARSET=utf8mb4;

-- 테이블 데이터 ssafy.meet_join:~11 rows (대략적) 내보내기
/*!40000 ALTER TABLE `meet_join` DISABLE KEYS */;
INSERT INTO `meet_join` (`meet_join_id`, `meet_id`, `user_id`, `online_id`) VALUES
	(42, 40, 1, NULL),
	(54, 45, 34, NULL),
	(55, 49, 34, NULL),
	(56, 47, 34, NULL),
	(58, NULL, 5, 17),
	(65, NULL, 38, 18),
	(66, NULL, 43, 19),
	(67, 45, 38, NULL),
	(68, 45, 104, NULL),
	(69, NULL, 104, 18),
	(72, 48, 77, NULL);
/*!40000 ALTER TABLE `meet_join` ENABLE KEYS */;

-- 테이블 ssafy.online 구조 내보내기
CREATE TABLE IF NOT EXISTS `online` (
  `online_id` int(11) NOT NULL AUTO_INCREMENT,
  `user_id` int(11) NOT NULL,
  `title` varchar(255) NOT NULL,
  `content` mediumtext NOT NULL,
  `type` varchar(50) NOT NULL,
  `date` datetime NOT NULL,
  `link` varchar(255) DEFAULT NULL,
  `thumbnail_src` varchar(255) DEFAULT NULL,
  `video` varchar(255) DEFAULT NULL,
  PRIMARY KEY (`online_id`),
  KEY `FK_user_id` (`user_id`),
  CONSTRAINT `FK_user_id` FOREIGN KEY (`user_id`) REFERENCES `user` (`user_id`) ON DELETE CASCADE
) ENGINE=InnoDB AUTO_INCREMENT=23 DEFAULT CHARSET=utf8mb4;

-- 테이블 데이터 ssafy.online:~3 rows (대략적) 내보내기
/*!40000 ALTER TABLE `online` DISABLE KEYS */;
INSERT INTO `online` (`online_id`, `user_id`, `title`, `content`, `type`, `date`, `link`, `thumbnail_src`, `video`) VALUES
	(17, 1, '떡꼬치 만들기 강좌입니다 ', '떡꼬치만들기', '유튜브강의', '2020-08-17 16:18:00', NULL, 'https://i.ytimg.com/vi/xLG6OGr6TRw/mqdefault.jpg', 'xLG6OGr6TRw'),
	(18, 1, '감자요리 강좌1. 감자조림 맛있게 하는법 입니다', '<font style="font-size: 30px;"><b>요즘 감자가 제철인데요!!&nbsp;</b></font><div><font style="font-size: 30px;"><b><br></b></font></div><div><font style="font-size: 30px;"><b>빼놓을 수 없는 감자요리</b></font></div><div><font style="font-size: 30px;"><b>바로 감자조림이겠죠?&nbsp;</b></font></div><div><font style="font-size: 30px;"><b><br></b></font></div><div><font style="font-size: 30px;"><b>오늘은 완벽한 양념 비율로 부서지지 않는</b></font></div><div><font style="font-size: 30px;"><b>쫀득쫀득한 간장감자조림 만드는 비결을 공개합니다!!</b></font></div><div><font style="font-size: 30px;"><b><br></b></font></div><div><font style="" size="7"><b style="">많이 많이 봐주시고 좋은 댓글 많이 남겨주세요~!</b></font></div><div><font size="7"><b>유튜브 구독과 좋아요는 센스!</b></font></div><div><font size="7"><b><br></b></font></div><div><br></div><div><span style="font-size: 30px;"><b>감자 요리 시리즈는 다시 돌아옵니다!!!</b></span></div><div><span style="font-size: 30px;"><b><br></b></span></div><div><span style="font-size: 30px;"><b>커.밍.쑨~!</b></span></div>', '유튜브강의', '2020-08-18 10:30:00', NULL, 'https://i.ytimg.com/vi/U9Q70E_JzEw/mqdefault.jpg', 'U9Q70E_JzEw'),
	(19, 1, '궁중떡볶이 만들 줄 알아? 모르면 들어와! 알려줄께', '<font style="font-size: 30px;"><b>궁중 떡볶이 만들 줄 아시는 분?</b></font><div><span style="font-size: 30px;"><b><br></b></span></div><div><span style="font-size: 30px;"><b>21세기 사람이라면. 궁중 떡볶이 정도는</b></span></div><div><span style="font-size: 30px;"><b>눈 감 고 만 들 줄 알 아 야 합 니 다</b></span></div><div><span style="font-size: 30px;"><b><br></b></span></div><div><span style="font-size: 30px;"><b>혹시 궁중 떡볶이 만드는 법을 모른다?</b></span></div><div><span style="font-size: 30px;"><b>지금 당장 강의에 신청하세요~!</b></span></div><div><span style="font-size: 30px;"><b><br></b></span></div><div><span style="font-size: 30px;"><b>강의료는 단돈 1만원</b></span></div><div><span style="font-size: 30px;"><b>강의료는 강의에 들어오시면 따로 받도록 하겠습니다</b></span></div><div><span style="font-size: 30px;"><b><br></b></span></div><div><span style="font-size: 30px;"><b>신청 버튼 다들 누르셨죠?</b></span></div><div><span style="font-size: 30px;"><b>23일에 만나요~!~!~!</b></span></div><div><div><br></div></div>', '실시간강의', '2020-08-23 17:00:00', 'https://hello.my.webex.com/meet/123456789', '2020081814439370_궁떡.png', NULL);
/*!40000 ALTER TABLE `online` ENABLE KEYS */;

-- 테이블 ssafy.recipe 구조 내보내기
CREATE TABLE IF NOT EXISTS `recipe` (
  `recipe_id` int(11) NOT NULL AUTO_INCREMENT,
  `recipe_name` varchar(255) NOT NULL,
  `recipe_thumbnail_src` varchar(255) DEFAULT 'images/defaultThumbnail.jpg',
  `recipe_detail` varchar(255) DEFAULT NULL,
  `user_id` int(11) NOT NULL,
  `reg_time` datetime DEFAULT current_timestamp(),
  `cook_time` int(11) DEFAULT 0,
  `level` int(11) DEFAULT 0,
  `avg_rating` double DEFAULT 0,
  `calorie` int(11) DEFAULT 0,
  `carbon` int(11) DEFAULT 0,
  `protein` int(11) DEFAULT 0,
  `fat` int(11) DEFAULT 0,
  `sugar` int(11) DEFAULT 0,
  `natrium` int(11) DEFAULT 0,
  PRIMARY KEY (`recipe_id`),
  KEY `recipe_ibfk_1` (`user_id`),
  CONSTRAINT `recipe_ibfk_1` FOREIGN KEY (`user_id`) REFERENCES `user` (`user_id`) ON DELETE CASCADE
) ENGINE=InnoDB AUTO_INCREMENT=183 DEFAULT CHARSET=utf8mb4;

-- 테이블 데이터 ssafy.recipe:~26 rows (대략적) 내보내기
/*!40000 ALTER TABLE `recipe` DISABLE KEYS */;
INSERT INTO `recipe` (`recipe_id`, `recipe_name`, `recipe_thumbnail_src`, `recipe_detail`, `user_id`, `reg_time`, `cook_time`, `level`, `avg_rating`, `calorie`, `carbon`, `protein`, `fat`, `sugar`, `natrium`) VALUES
	(71, '아이들 간식으로 최고! 계란말이 쉽게 만드는 법', '20200729131710497_계란말이.png', '소금으로 간을 하고 대파만 송송 썰어 넣고 쉽게 만드는 계란말이 만드는법을 소개하려고 합니다. "국민반찬"이라고도 할수 있는 계란말이는 대부분의 한국인이라면 누구나 좋아하는 메뉴죠!', 1, '2020-07-29 13:17:10', 15, 2, 4.666667, 591, 3, 30, 50, 0, 560),
	(73, '미역국 단시간에 뽀얗고 진하게 끓이기', '2020073015050451_미역국 메인.png', '뽀얗고 진한 미역국을 단시간에 끓이려면..미역국은 오랜시간을 끓여야 정말 맛있는 미역국이 된다. 물론 오랜시간 푹~~~ 끓일수 있다면 좋겠지만. 시간이 없다면.. 시간을 조금 줄여서 맛있는 미역국을 끓일수 있다면 정말 좋을 거다.', 11, '2020-07-30 01:50:50', 30, 1, 4, 100, 14, 5, 1, 0, 1613),
	(74, '달콤짭짤 버터에 노릇노릇하게 구웠다! 통옥수수 버터구이', '202007301550517_통옥수수버터구이.PNG', '옥수수에 버터 살살 발라서..  노릇하게 구워주면!?  통옥수수 버터구이 완성', 1, '2020-07-30 01:55:00', 15, 1, 5, 670, 54, 143, 46, 38, 10439),
	(75, '설날 떡국 맛있게 끓이는 법, 소고기를 듬뿍 넣어 국물 맛이 진한 떡국 레시피!', '2020073022725483_떡국섬네일.PNG', '오늘 저녁은 바지락 듬뿍 넣어서 시금치 된장국이나 시원하게 끓여 먹을까 했는데, 아들 녀석이 오늘은 떡국이 드시고 싶으시다며 노래를 불러서 2주 후면 먹을 설날 떡국을 오늘 미리 끓여봤어요.', 6, '2020-07-30 02:27:25', 30, 2, 4, 3120, 360, 151, 111, 16, 7203),
	(76, '빨리 지나가서 요리가 멈춰진 백파더 백종원 간단토스트! 에그치즈토스트 만들기', '2020073022821443_에그치즈토스트.PNG', '백파더! 백종원의 달걀토스트  너무 빨리지나가서 하다가 움찔!  믿고 먹는 백종원의 간단토스트!  에그치즈토스트 따라하기!', 1, '2020-07-30 02:28:21', 15, 1, 5, 352, 29, 19, 18, 2, 1347),
	(77, '식당에서 먹던 맛과 비주얼 그대로, 폭탄 계란찜 만드는 법', '2020073022842214_폭탄계란찜 메인.png', '지금부터 식당에서 먹던 맛과 비주얼 그대로 ', 11, '2020-07-30 02:28:42', 15, 2, 3, 545, 32, 23, 37, 1, 2554),
	(78, '간장기름떡볶이 ☆ 달달짭쪼롬한게 우리입맛에 딱!', '2020073064121975_간기떡.PNG', '쫄깃쫄깃한 떡을 달달달달 볶으면  우리입맛에 딱! 맞는 간장기름떡볶이 완성☆', 1, '2020-07-30 06:41:21', 30, 3, 4, 1779, 348, 42, 29, 0, 4691),
	(79, '정말 맛있는 연어초밥 만드는 법 - 간단 버전', '2020073064331780_연어초밥메인.png', '필렛으로 받아본 생연어에요. 얇게 썰어 집에서 간단하게 연어초밥  만들어봤어요.', 34, '2020-07-30 06:43:31', 20, 3, 5, 882, 316, 279, 64, 32, 13814),
	(80, '달걀미트볼 l 편의점 재료로 만드는 반숙란 미트볼 ★', '202007306452510_달미.PNG', '후다닥 살수 있는 편의점 재료로 바스켓 품으로~!  영롱한 반숙란에 미트볼올 입은 바사삭 튀김 미트볼 ★', 1, '2020-07-30 06:45:25', 20, 2, 5, 1061, 88, 68, 51, 15, 3257),
	(81, '홈파티 음식으로 최고! 로제파스타', '2020073065647442_로제썸네일.JPG', '토마토소스와 크림소스의 조합! 간단한 로제파스타 만들기', 38, '2020-07-30 06:56:47', 15, 3, 5, 1303, 193, 48, 12, 15, 3173),
	(82, '카라멜 입힌 식빵팝콘 레시피, 홈극장 별미', '20200815155652530_식빵팝콘.png', '집에서 영화 보시는 경우가 상당히 많으신데요. 영화만 보면 섭섭할 수 있지요. 그래서 준비한 식빵팝콘레시피에요.', 34, '2020-07-30 07:03:59', 10, 1, 5, 737, 120, 12, 21, 3, 772),
	(84, '메추리알 장조림, 간단한 밑반찬으로 이만한게 없쥬?', '202007307649695_메추리알.PNG', '간단하게 만들수 있는 메추리알 장조림!  아이,어른할것없이 모두 좋아하는 반찬이기도 하죠^^', 1, '2020-07-30 07:06:49', 20, 2, 5, 749, 59, 38, 32, 1, 819),
	(85, '백종원의 요리비책! 초간단 냉라면', '20200815155758160_냉라면.png', '백종원의 요리 비책  유튜브에서 알려주는 초간단 냉 라면  주말에 맛있게 만들어 먹었습니다.', 38, '2020-07-30 07:09:27', 15, 2, 3, 1754, 257, 40, 57, 12, 10946),
	(86, '백종원 레시피! 순두부찌개 쉽게 만드는 법', '202008151604185_순찌.png', '딱 둘이서 한끼분량으로 먹을 수 잇는 백종원 순두부찌개 양념장으로  순두부찌개를 만들어 봤어요', 38, '2020-07-30 07:21:35', 30, 4, 4.25, 1761, 196, 93, 61, 9, 10349),
	(92, '베이컨 떡꼬치구이 만드는 법, 아이 간식', '2020081315542295_떡꼬취.png', '오랜만에 간단한 간식을 만들어볼까라며 냉장고를 뒤적뒤적했어요. 냉동에 보관해둔 떡이랑, 냉장고에 베이컨이 있어서 간단하게 베이컨 떡꼬치구이를 만들어봤어요. 아이 간식으로도 너무 좋겠죠?', 34, '2020-07-31 06:08:26', 20, 1, 3.3333333333333335, 294, 10, 10, 23, 0, 523),
	(132, '언제 먹어도 맛있는 스팸 김치볶음밥', '20200815162214404_김볶.PNG', '평소 김치볶음밥은 좋아해 자주해먹는데요. 스팸 넣어 만드는게 제일 맛있더라고요. 넉넉하게 만들어 매끼 먹어도 질리지 않는 스팸 김치볶음밥이에요.', 38, '2020-08-16 01:22:14', 20, 2, 5, 650, 86, 29, 25, 22, 1482),
	(140, '매콤달콤 두부요리, 두부 깐풍기 / 집에서 즐기는 중식요리', '20200817102036467_두부메인.jpg', '늘은 어렵지 않게 만드는 별미!  두부 깐풍기 레시피를 가지고 왔어요 ~  흔한 재료 두부의 변신! 두부깐풍기, 시작해볼게요 ', 38, '2020-08-17 19:20:36', 60, 4, 4, 1426, 160, 66, 52, 9, 2910),
	(141, '동남아풍 달걀 볶음밥', '20200817102954369_동남아메인.png', '타이 레스토랑에서 먹어 본 맛을  집에서도 재현해보자 !', 38, '2020-08-17 19:29:54', 30, 3, 3, 2711, 454, 106, 46, 2, 7645),
	(142, '인도식 밀크티 차이Chai 끓여 만드는 법', '2020081710393171_생강메인.png', '집에 안먹는 가루홍차나 홍차 티백이 남아있다면 인도식 밀크티인 차이를 끓여 드셔보세요  인도인들은 매일 밤 자기전에 한 잔 마시고 식후에도 마시고 기본 하루 두잔 정도 늘 마신답니다. 현지인이 가르쳐준 레시피입니다 :)  *눌러붙는 것이 싫으시면 밥솥 재가열9분으로 끓여서 만드시면 돼요', 1, '2020-08-17 19:39:31', 10, 3, 4.5, 425, 63, 10, 16, 13, 379),
	(143, '【추억의 맥주안주】멕시칸샐러드 만들기~', '20200817104728309_멕시칸메인.png', '야식으로도~간식으로도~술안주로도 좋은 멕시칸샐러드 에요^~^  집에 있는 재료들로 후다닥 만들어 보아용', 1, '2020-08-17 19:47:28', 15, 3, 2, 1322, 91, 330, 82, 48, 22330),
	(147, '부타동 : 일본식 돼지고기 덮밥 간단한 점심 메뉴로 굿!', '2020081813339532_부타동.png', '부타동은 일본식 돼지고기 덮밥으로  부타는 일본어로 돼지를 뜻하고, 동은 밥을 뜻합니다.  일본식 소스로 돼지고기를 조려서 밥위에 올린 덮밥식 음식인데요..  부타동은 주로 목살 부위를 사용하지만  저는 대패삼겹살을 이용해서 만들었습니다.  대패삼겹살은 양념 베이기가 더 쉽고,  조리시간을 줄일 수 있어서 사용했구요.  돼지고기는 다른 부위를 사용하셔도 상관없습니다.', 43, '2020-08-17 21:14:33', 30, 4, 5, 804, 26, 38, 56, 2, 1795),
	(148, '대패삼겹살을 넣은 두부김치만들기', '2020081813319270_두부.png', '쌀쌀한 날,  외출후 집에오면 반주한잔씩들 생각나시쥬???  안주하나 푸짐하니 내어놓고 하루의 피로를 풀어야쥬~~ 오늘은  두부김치 올시다 ㅎㅎㅎ', 38, '2020-08-17 21:25:22', 30, 3, 4.5, 1970, 164, 99, 98, 22, 5787),
	(149, '바지락마늘볶음밥! (제철 해산물요리)', '202008181335785_바지락.png', '바쁘거나 마땅한 반찬이 없을 때 자주 만들게 되는 것이 볶음밥인데,  오늘은 2~4월 제철 해산물인 바지락살을 넣고 살짝 매콤한 볶음밥을 만들었어요.  조개 중에서 가장 시원한 맛을 가지고 있는 바지락은 칼국수와 짝꿍으로 칼국수의 국물 맛을 더 진하게 만들어줘요~', 34, '2020-08-17 21:32:48', 60, 2, 4, 402, 30, 18, 21, 20, 1007),
	(152, '치킨 데리야끼 덮밥', '202008180463819_데리데리야끼.png', '오늘은 간단하게 한 끼 식사로 드실 수 있는\n\n치킨 데리야끼 덮밥 레시피를 소개해 드릴게요~^^\n\n데리야끼는 간장소스를 육류나 어패류에 발라\n\n윤기나에 구워낸 일본식 요리입니다.\n\n달콤 짭쪼름한 소스가 입맛을 돋구워 밥도둑 반찬이기도 하지요.\n\n하얀 쌀밥 위에 치킨 데리야끼를 올려내면 한그릇 요리, 치킨 데리야끼 덮밥이 완성된답니다^^', 34, '2020-08-18 01:03:57', 30, 3, 3, 1611, 183, 106, 43, 31, 5154),
	(172, '[노오븐] 크리스피 크림 도넛 따라잡기 / 글레이즈드 도넛 만들기', '20200819124025309_크리스피도넛.gif', '설탕시럽 듬뿍 뿌려진 글레이즈드 도넛이 가끔씩 생각나지 않으세요?^^ 시중에 파는 도넛은 달아서 가끔 먹기엔 괜찮지만, 아이들이나 어른들 간식으로 챙기기엔 조금 부담스러운 면이 없지 않아 있잖아요.\n\n재료도 구하기 쉽고, 오븐도 필요하지 않아요. 생각보다 만드는게 어렵지 않기 때문에 요리순서에 작은 팁들을 참고해서 따라 만들어 보세요!', 1, '2020-08-18 21:40:25', 90, 2, 5, 4088, 304, 106, 264, 19, 3250),
	(182, '1분 완성 콘치즈 토스트', '202008229945111_썸네일.png', '1분만에 만들수 있으면서 맛은 엄지척 나오는 간식 소개해 드립니다!', 43, '2020-08-22 18:09:45', 5, 2, 0, 273, 30, 7, 14, 11, 467);
/*!40000 ALTER TABLE `recipe` ENABLE KEYS */;

-- 테이블 ssafy.recipe_food_category 구조 내보내기
CREATE TABLE IF NOT EXISTS `recipe_food_category` (
  `recipe_food_category_id` int(11) NOT NULL AUTO_INCREMENT,
  `recipe_id` int(11) NOT NULL,
  `food_category_id` int(11) NOT NULL,
  PRIMARY KEY (`recipe_food_category_id`),
  KEY `recipe_food_category_ibfk_1` (`recipe_id`),
  KEY `recipe_food_category_ibfk_2` (`food_category_id`),
  CONSTRAINT `recipe_food_category_ibfk_1` FOREIGN KEY (`recipe_id`) REFERENCES `recipe` (`recipe_id`) ON DELETE CASCADE,
  CONSTRAINT `recipe_food_category_ibfk_2` FOREIGN KEY (`food_category_id`) REFERENCES `food_category` (`food_category_id`)
) ENGINE=InnoDB AUTO_INCREMENT=390 DEFAULT CHARSET=utf8mb4;

-- 테이블 데이터 ssafy.recipe_food_category:~53 rows (대략적) 내보내기
/*!40000 ALTER TABLE `recipe_food_category` DISABLE KEYS */;
INSERT INTO `recipe_food_category` (`recipe_food_category_id`, `recipe_id`, `food_category_id`) VALUES
	(80, 71, 1),
	(83, 73, 1),
	(84, 73, 16),
	(85, 74, 18),
	(86, 74, 21),
	(87, 75, 1),
	(88, 75, 16),
	(89, 76, 21),
	(90, 77, 1),
	(91, 77, 18),
	(92, 78, 24),
	(93, 79, 3),
	(94, 80, 8),
	(95, 80, 24),
	(96, 81, 7),
	(97, 81, 17),
	(98, 81, 8),
	(211, 92, 24),
	(229, 82, 24),
	(230, 82, 21),
	(231, 85, 17),
	(232, 85, 24),
	(233, 86, 1),
	(235, 132, 1),
	(236, 132, 15),
	(252, 142, 5),
	(253, 142, 22),
	(254, 143, 12),
	(255, 143, 6),
	(256, 143, 20),
	(279, 148, 11),
	(280, 148, 13),
	(281, 148, 17),
	(282, 148, 1),
	(311, 152, 11),
	(312, 152, 8),
	(313, 152, 15),
	(317, 147, 11),
	(318, 147, 3),
	(319, 147, 15),
	(335, 172, 24),
	(336, 172, 21),
	(340, 84, 1),
	(343, 149, 14),
	(344, 149, 15),
	(348, 141, 4),
	(349, 141, 15),
	(350, 141, 8),
	(354, 140, 2),
	(355, 140, 19),
	(356, 140, 25),
	(388, 182, 21),
	(389, 182, 24);
/*!40000 ALTER TABLE `recipe_food_category` ENABLE KEYS */;

-- 테이블 ssafy.recipe_ingredient 구조 내보내기
CREATE TABLE IF NOT EXISTS `recipe_ingredient` (
  `recipe_ingredient_id` int(11) NOT NULL AUTO_INCREMENT,
  `recipe_id` int(11) NOT NULL,
  `ingredient_id` int(11) NOT NULL,
  `amount` int(11) DEFAULT 1,
  PRIMARY KEY (`recipe_ingredient_id`),
  KEY `recipe_ingredient_ibfk_1` (`recipe_id`),
  KEY `recipe_ingredient_ibfk_2` (`ingredient_id`),
  CONSTRAINT `recipe_ingredient_ibfk_1` FOREIGN KEY (`recipe_id`) REFERENCES `recipe` (`recipe_id`) ON DELETE CASCADE,
  CONSTRAINT `recipe_ingredient_ibfk_2` FOREIGN KEY (`ingredient_id`) REFERENCES `ingredient` (`ingredient_id`) ON DELETE CASCADE
) ENGINE=InnoDB AUTO_INCREMENT=663 DEFAULT CHARSET=utf8mb4;

-- 테이블 데이터 ssafy.recipe_ingredient:~197 rows (대략적) 내보내기
/*!40000 ALTER TABLE `recipe_ingredient` DISABLE KEYS */;
INSERT INTO `recipe_ingredient` (`recipe_ingredient_id`, `recipe_id`, `ingredient_id`, `amount`) VALUES
	(68, 71, 4, 5),
	(69, 71, 5, 50),
	(70, 71, 6, 1),
	(71, 71, 7, 20),
	(74, 73, 11, 20),
	(75, 73, 12, 1),
	(76, 73, 14, 2),
	(77, 73, 24, 15),
	(78, 73, 18, 8),
	(79, 74, 13, 2),
	(80, 74, 15, 30),
	(81, 74, 19, 15),
	(82, 74, 21, 2),
	(83, 74, 14, 3),
	(84, 74, 26, 3),
	(85, 74, 27, 2),
	(86, 75, 17, 200),
	(87, 75, 5, 30),
	(88, 75, 9, 800),
	(89, 75, 20, 10),
	(90, 75, 22, 1),
	(91, 75, 14, 5),
	(92, 75, 23, 200),
	(93, 75, 4, 2),
	(94, 75, 24, 10),
	(95, 75, 7, 10),
	(96, 75, 25, 1),
	(97, 76, 4, 2),
	(98, 76, 29, 1),
	(99, 76, 19, 8),
	(100, 76, 14, 2),
	(101, 76, 30, 1),
	(102, 77, 4, 3),
	(103, 77, 19, 5),
	(104, 77, 28, 1),
	(105, 77, 9, 100),
	(106, 77, 14, 5),
	(107, 77, 5, 10),
	(108, 77, 22, 1),
	(109, 78, 31, 630),
	(110, 78, 5, 80),
	(111, 78, 7, 5),
	(112, 78, 32, 3),
	(113, 78, 83, 20),
	(114, 78, 24, 7),
	(115, 78, 22, 1),
	(116, 79, 34, 1),
	(117, 79, 35, 2),
	(118, 79, 36, 50),
	(119, 79, 37, 1),
	(120, 79, 19, 8),
	(121, 79, 39, 4),
	(122, 79, 1, 450),
	(123, 79, 21, 3),
	(124, 79, 83, 10),
	(125, 79, 41, 1),
	(126, 79, 25, 1),
	(127, 80, 42, 450),
	(128, 80, 4, 1),
	(129, 80, 44, 20),
	(130, 80, 43, 2),
	(131, 80, 38, 10),
	(132, 81, 45, 200),
	(133, 81, 47, 20),
	(134, 81, 49, 100),
	(135, 81, 14, 5),
	(136, 81, 30, 1),
	(137, 81, 35, 1),
	(138, 81, 50, 150),
	(139, 81, 25, 1),
	(293, 92, 31, 20),
	(294, 92, 58, 3),
	(295, 92, 7, 11),
	(314, 82, 29, 2),
	(315, 82, 19, 60),
	(316, 82, 48, 15),
	(317, 82, 9, 75),
	(318, 82, 51, 45),
	(319, 85, 54, 1),
	(320, 85, 55, 20),
	(321, 85, 9, 500),
	(322, 85, 37, 2),
	(323, 85, 14, 20),
	(324, 85, 56, 100),
	(325, 85, 35, 1),
	(326, 85, 12, 2),
	(327, 85, 19, 20),
	(328, 86, 57, 400),
	(329, 86, 9, 500),
	(330, 86, 5, 50),
	(331, 86, 55, 50),
	(332, 86, 4, 1),
	(333, 86, 23, 100),
	(334, 86, 24, 20),
	(335, 86, 35, 1),
	(336, 86, 14, 20),
	(337, 86, 26, 20),
	(338, 86, 12, 1),
	(339, 86, 19, 10),
	(341, 132, 2, 200),
	(342, 132, 71, 200),
	(343, 132, 19, 8),
	(344, 132, 22, 1),
	(345, 132, 1, 500),
	(346, 132, 72, 5),
	(347, 132, 28, 2),
	(376, 142, 78, 3),
	(377, 142, 19, 30),
	(378, 142, 9, 50),
	(379, 142, 51, 250),
	(380, 142, 79, 50),
	(381, 143, 80, 160),
	(382, 143, 4, 3),
	(383, 143, 81, 1),
	(384, 143, 82, 1),
	(385, 143, 21, 4),
	(386, 143, 64, 3),
	(387, 143, 83, 30),
	(388, 143, 37, 2),
	(389, 143, 14, 5),
	(390, 143, 25, 1),
	(448, 148, 85, 300),
	(449, 148, 2, 100),
	(450, 148, 35, 1),
	(451, 148, 86, 1),
	(452, 148, 24, 20),
	(453, 148, 87, 100),
	(454, 148, 72, 20),
	(455, 148, 26, 20),
	(456, 148, 32, 1),
	(457, 148, 19, 20),
	(458, 148, 79, 5),
	(459, 148, 83, 20),
	(524, 152, 1, 500),
	(525, 152, 90, 300),
	(526, 152, 5, 50),
	(527, 152, 32, 3),
	(528, 152, 9, 500),
	(529, 152, 53, 2),
	(530, 152, 83, 10),
	(531, 152, 79, 15),
	(532, 152, 19, 10),
	(540, 147, 85, 200),
	(541, 147, 35, 1),
	(542, 147, 4, 1),
	(543, 147, 19, 10),
	(544, 147, 12, 2),
	(545, 147, 53, 1),
	(546, 147, 24, 15),
	(562, 172, 92, 240),
	(563, 172, 93, 60),
	(564, 172, 19, 30),
	(565, 172, 94, 6),
	(566, 172, 14, 5),
	(567, 172, 4, 10),
	(568, 172, 9, 160),
	(569, 172, 95, 15),
	(570, 172, 7, 180),
	(571, 172, 96, 85),
	(572, 172, 51, 22),
	(579, 84, 52, 270),
	(580, 84, 9, 90),
	(581, 84, 12, 6),
	(582, 84, 19, 2),
	(583, 84, 83, 20),
	(584, 84, 53, 2),
	(592, 149, 1, 300),
	(593, 149, 47, 30),
	(594, 149, 75, 30),
	(595, 149, 89, 20),
	(596, 149, 88, 70),
	(597, 149, 55, 20),
	(598, 149, 53, 1),
	(610, 141, 76, 200),
	(611, 141, 5, 50),
	(612, 141, 77, 50),
	(613, 141, 35, 50),
	(614, 141, 3, 100),
	(615, 141, 4, 4),
	(616, 141, 12, 3),
	(617, 141, 14, 15),
	(618, 141, 25, 1),
	(619, 141, 75, 30),
	(620, 141, 26, 10),
	(629, 140, 86, 1),
	(630, 140, 55, 30),
	(631, 140, 24, 20),
	(632, 140, 12, 2),
	(633, 140, 37, 1),
	(634, 140, 9, 500),
	(635, 140, 5, 30),
	(636, 140, 75, 30),
	(658, 182, 29, 1),
	(659, 182, 30, 1),
	(660, 182, 19, 10),
	(661, 182, 48, 10),
	(662, 182, 104, 30);
/*!40000 ALTER TABLE `recipe_ingredient` ENABLE KEYS */;

-- 테이블 ssafy.recipe_photo 구조 내보내기
CREATE TABLE IF NOT EXISTS `recipe_photo` (
  `recipe_photo_id` int(11) NOT NULL AUTO_INCREMENT,
  `recipe_id` int(11) DEFAULT NULL,
  `photo_src` varchar(255) NOT NULL DEFAULT 'images/defaultThumbnail.jpg',
  `photo_detail` varchar(255) DEFAULT NULL,
  PRIMARY KEY (`recipe_photo_id`),
  KEY `recipe_photo_ibfk_1` (`recipe_id`),
  CONSTRAINT `recipe_photo_ibfk_1` FOREIGN KEY (`recipe_id`) REFERENCES `recipe` (`recipe_id`) ON DELETE CASCADE
) ENGINE=InnoDB AUTO_INCREMENT=702 DEFAULT CHARSET=utf8mb4;

-- 테이블 데이터 ssafy.recipe_photo:~192 rows (대략적) 내보내기
/*!40000 ALTER TABLE `recipe_photo` DISABLE KEYS */;
INSERT INTO `recipe_photo` (`recipe_photo_id`, `recipe_id`, `photo_src`, `photo_detail`) VALUES
	(63, 71, '20200729131710506_계란5개.png', ' 계란 5개를 잘 저어 풀어줍니다.'),
	(64, 71, '20200729131710512_소금넣기.png', ' 소금을 1 작은술을 넣어주세요. (저는 큰술이라 1/3 스푼 넣었습니다)'),
	(65, 71, '20200729131710514_대파한뿌리.png', '대파를 한뿌리 정도 썰어줍니다.'),
	(66, 71, '20200729131710516_섞어.png', ' 대파와 계란을 함께 휘저어 주세요.'),
	(67, 71, '20200729131710517_식용유달궈서굽기.png', ' 달궈진 팬에 식용유를 두르고 계란을 팬에 넓게 펼치듯 넣어줍니다.'),
	(68, 71, '20200729131710519_가장자리부터접기.png', ' 계란이 익기 시작하면 가장자리부터 접어주세요'),
	(69, 71, '20200729131710520_계속접기.png', ' 끝까지 계속해서 접어주세요 (불은 중불과 약불사이)'),
	(70, 71, '20200729131710523_썰면완성.png', '다 접은 계란을 익힌 후 썰면 계란말이 완성!'),
	(72, 73, '2020073015050459_미역국1.png', '미역은 물에 담궈 불려준다.'),
	(73, 73, '2020073015050461_미역국2.png', '불려진 미역은 잘게 잘라서 냄비에 넣고, 참기름을 넉넉히 두르고 센불에 볶아준다. 센불에 미역이 물기가 거의 없어질 정도로 많이 볶아준다.'),
	(74, 73, '2020073015050465_미역국3.png', '볶아진 미역에 물을 미역이 잠기지 않을정도로만 부어주고 다진마늘을 한스푼정도 넣어주고 센불에 끓여준다. '),
	(75, 73, '2020073015050466_미역국4.png', '물이 졸아들면 다시 물을 미역이 잠길만큼 부어준다. 벌써 국물이 뽀얗게 보인다. 간은 간장 1T, 된장 1/2T, 소금(원하는 간만큼 소금을 넣어준다.)'),
	(76, 73, '2020073015050468_미역국5.png', '국물이 졸아들면 이제 원하는 물 높이로 물을 넣고 센불에 마지막으로 시간이 되는만큼 끓여준다.'),
	(77, 73, '2020073015050469_미역국6.png', '뽀얗고 진한 미역국 완성!! '),
	(78, 74, '202007301550525_옥수수3등분.PNG', '옥수수는 꼬치에 끼우거나 2~3등분으로 토막낸다.'),
	(79, 74, '202007301550527_설탕녹이기.PNG', '중약 불로 달군 팬에 버터(2큰술), 마요네즈(2큰술), 설탕(1큰술), 소금(1/5큰술), 고운 고춧가루(소금(1/5큰술)를 넣고 끓인다.'),
	(80, 74, '202007301550528_옥수수굴리기.PNG', '옥수수를 넣고 노릇한 색이 나도록 굴려가며 굽는다.'),
	(81, 74, '202007301550530_옥수수완성.PNG', '그릇(유산지를 깐 나무바구니)에 담고 취향에 맞게 토핑 가루를 뿌려 마무리.'),
	(82, 75, '2020073022725490_떡국1.PNG', '소고기는 흐르는 물에 가볍게 헹군 뒤 키친타올로 꾹꾹 눌러 물기를 제거해주시고요. 떡국 떡은 흐르는 물에 가볍게 헹궈 체에 밭쳐 물기를 빼줍니다. 계란 2개는 그릇에 깨서 젓가락으로 풀어주시고요. 대파는 어슷 썰어주세요.'),
	(83, 75, '2020073022725494_떡국2.PNG', '예열한 팬에 참기름 1 큰 술과 식용유 1 큰 술, 소고기를 넣고, 핏기가 없어질 때까지 달달 볶아주세요.'),
	(84, 75, '2020073022725496_떡국3.PNG', '물 200ml와 국간장 1 큰 술을 넣고 국물이 끓어오르면,'),
	(85, 75, '2020073022725497_떡국4.PNG', '물 600ml를 추가로 넣고 바글바글 끓여줍니다.'),
	(86, 75, '2020073022725499_떡국5.PNG', '떡국 떡과 다진 마늘 1 큰 술, 액젓 1/2 큰 술을 넣어주시고요. 나머지 간은 소금으로 해주세요.'),
	(87, 75, '2020073022725500_떡국6.PNG', '계란과 대파, 후추를 톡톡 넣고 한소끔 끓여주면 설날 떡국 맛있게 끓이는 법, 완성!!'),
	(88, 76, '2020073022821449_토스트1.PNG', '볼에 달걀과 소금을 약간 넣어 잘 풀어요.'),
	(89, 76, '2020073022821451_토스트2.PNG', '예열된 팬에 기름을 두르고 달걀물을 넣어요'),
	(90, 76, '2020073022821452_토스트3.PNG', '달걀이 다 익기 전에 식빵을 올려요.'),
	(91, 76, '2020073022821454_토스트4.PNG', '달걀과 식빵이 붙으면 뒤집어 식빵 사이즈에 맞게 달걀을 올려 접어요.'),
	(92, 76, '2020073022821455_토스트5.PNG', '달걀 위에 치즈를 올리고 설탕을 뿌려요.'),
	(93, 76, '2020073022821457_토스트6.PNG', '반을 접어 완성해요.'),
	(94, 76, '2020073022821458_토스트7.PNG', '토스트 완성!'),
	(95, 77, '2020073022842222_폭탄계란찜1.png', '폭탄계란찜을 만들기 전 재료부터 준비해줍니다. 계란 3개, 참기름 1 큰 술, 소금 1/3 큰 술, 설탕 1/3 큰 술, 대파 또는 쪽파 약간, 통깨 조금, 물 100ml'),
	(96, 77, '2020073022842224_폭탄계란찜2.png', '작은 뚝배기에 계란 3개를 깨뜨려 넣은 뒤 거품기로 계란을 풀어줍니다'),
	(97, 77, '2020073022842225_폭탄계란찜3.png', '설탕 1/3 큰 술, 소금 1/3 큰 술을 넣고 한 번 더 거품기로 잘 섞어주기!'),
	(98, 77, '2020073022842227_폭탄계란찜4.png', '그리고 나서 물 100ml를 넣어주고 또 한 번 거품기로 휘리릭 ~'),
	(99, 77, '2020073022842229_폭탄계란찜5.png', '뚝배기를 가스레인지에 올린 뒤 계란이 몽글몽글 익을 때까지 젓가락으로 저어줍니다. 이때 불은 중불!'),
	(100, 77, '2020073022842230_폭탄계란찜6.png', '이렇게 계란이 몽글몽글해지면,'),
	(101, 77, '2020073022842232_폭탄계란찜7.png', '송송 썰어둔 쪽파를 투척한 뒤 뚜껑을 닫고 4-5분가량 익혀주세요. 뚜껑을 닫고 나서는 약불로 줄여줍니다.'),
	(102, 77, '2020073022842233_폭탄계란찜8.png', '4-5분 후 뚜껑을 열어보면, 아주 먹음직스럽게 부풀어 오른 계란찜을 만나볼 수 있다는!!! +_+'),
	(103, 77, '2020073022842236_폭탄계란찜9.png', '부풀어 오른 계란찜 위에 적당량의 통깨와 참기름을 뿌려주면 폭탄 계란찜 만드는 법은 이렇게 간단하게 끝이 나요!'),
	(104, 77, '2020073022842238_폭탄계란찜10.png', '폭탄계란찜 완성'),
	(105, 78, '2020073064121984_간기떡1.PNG', '떡은 끓는물에 한번 데쳐 준비한다.'),
	(106, 78, '2020073064121992_간기12.PNG', '떡에 대파와 양념재료를 넣어 섞는다.'),
	(107, 78, '2020073064121994_간기떡2.PNG', '팬에 식용유, 떡을 넣고 볶아 완성한다.'),
	(108, 78, '2020073064121995_간기떡3.PNG', '맛있는 기름떡볶이 완성~!~!'),
	(109, 79, '2020073064331785_연어초밥1.png', '우선 양파는 얇게 썰어서 준비해주세요.'),
	(110, 79, '2020073064331789_연어초밥2.png', '채썬 양파는 매운맛을 빼주기 위해서 다른 재료 준비할 동안에 양파를 찬물에 담가 매운맛을 빼주세요.'),
	(111, 79, '2020073064331791_연어초밥3.png', '연어초밥에 겉들일 소스 마요네즈 3큰술, 꿀 1/2큰술, 생와사비 1/3큰술, 레몬즙 1큰술, 양파 다진거 1큰술. 후추가루을 모두 넣고 잘 섞어주세요.'),
	(112, 79, '2020073064331792_연어초밥4.png', '밥 1.5공기 분량에 식초2큰술과 설탕 반큰술을 넣고 잘 섞어서 준비합니다.'),
	(113, 79, '2020073064331794_연어초밥5.png', '밥은 이렇게 둥그스레 초밥모양으로 만들어주세요. 밥풀이 자꾸 달라붙는다면 물을 묻혀가면서 만들면 휠씬 수월합니다.'),
	(114, 79, '2020073064331797_연어초밥6.png', '밥위에 조금씩 생와사비를 올려주고...'),
	(115, 79, '2020073064331799_연어초밥7.png', '연어는 이렇게 길쭉길쭉하게 잘라줬어요.'),
	(116, 79, '2020073064331801_연어초밥8.png', '밥 위에 연어를 올려주고'),
	(117, 79, '2020073064331802_연어초밥9.png', '양파, 그리고 무순을 차례대로 올려주세요.'),
	(118, 79, '2020073064331804_연어초밥10.png', '마지막으로 마요네즈 소스를 올려주면, 연어초밥 완성!!!!'),
	(119, 80, '202007306452516_달미1.PNG', '미트볼은 전자레인지에 3분간 데운 후 손으로 잘게 으깬다.'),
	(120, 80, '202007306452517_달미2.PNG', '나쵸과자를 봉지에 넣고 부신다.'),
	(121, 80, '202007306452519_달미3.PNG', '반숙란 껍질을 깐 후 으깬 미트볼로 감싼다.'),
	(122, 80, '202007306452520_달미4.PNG', '밀가루>달걀물>부순 나쵸 순으로 묻힌다'),
	(123, 80, '202007306452522_달미5.PNG', '에어프라이어 바스켓에 하나씩 넣은 후 170도 온도에서 5분간 돌려 완성한다.'),
	(124, 81, '2020073065647450_로제1.JPG', '소금을 반숟갈을 넣은 물 1L를 끓이고 양파1/3개를 채썰고 마늘은 슬라이스 해준다.'),
	(125, 81, '2020073065647451_로제2.JPG', '물이 끓으면 면을 넣고 7분간 삶는다.'),
	(126, 81, '2020073065647453_로제3.JPG', '기름두른 팬에 슬라이스한 마늘을 넣고 약불에서 볶다가 향이 올라오면 양파를 넣는다.'),
	(127, 81, '2020073065647454_로제4.JPG', '양파가 투명해 질 때쯤 칵테일새우(or 베이컨)을 넣고 익을때 까지 센 불에 볶는다.'),
	(128, 81, '2020073065647458_로제5.JPG', '재료가 다 익으면 생크림과 토마토소스를 넣고 섞어준다.'),
	(129, 81, '2020073065647460_로제6.JPG', '소스가 끓기 시작하면 삶았던 면을 넣고 슬라이스치즈 한장을 넣은 뒤 섞어준다.'),
	(130, 81, '2020073065647461_로제7.JPG', '접시에 담아낸 후 파슬리가루를 뿌려 마무리한다.'),
	(337, 92, '202007316826481_사진1.JPG', '떡은 끓는 물에 넣어 끓인 후, 말랑말랑하게 준비해주세요. 말랑말랑한 떡이라면 끓이는 과정은 생략해주셔도 좋아요.'),
	(338, 92, '202007316826484_사진2.JPG', '베이컨은 적당한 크기로 잘라줬어요.'),
	(339, 92, '202007316826487_사진3.JPG', '베이컨으로 떡을 말아서 꼬치에 끼워주세요. 팬을 달군 후, 앞뒤로 노릇노릇 구워주세요.'),
	(364, 82, '20200730735919_식빵팝콘1.png', '식빵 2개를 가위로 네모지게 잘라 주세요. ✂'),
	(365, 82, '20200730735920_식빵팝콘2.png', '식빵을 프라이팬에 올려서 한번 구워내 주세요. 구워진 식빵은 다른곳에 덜어내 주세요. 🍞 2개, 🔥 중불'),
	(366, 82, '20200730735922_식빵팝콘3.png', '물 5 T와 설탕 4T를 프라이팬에 올려 프라이팬에 열기에 녹아 내려 물엿처럼 될때까지 가만히 두세요. 🧂 설탕 4T, 물 5T 💡 빨리 녹인다고 절대 저으시면 안돼요   '),
	(367, 82, '20200730735924_식빵팝콘4.png', '설탕물이 끓어 오르기 시작하면 버터 1T를 넣어 주세요 🧂 버터 1T 💡 이 때도 저으시면 안돼요.'),
	(368, 82, '20200730735926_식빵팝콘5.png', '이렇게 버터가 녹으면 색깔이 카라멜 색상이 나와요. 이때 미리 구워 놓았던 식빵을 투하해 주세요. 식빵에 잘 묻어 나도록 잘 섞어 주세요.'),
	(369, 82, '20200730735928_식빵팝콘6.png', '식빵에 카라멜 색상이 입혀지면 종이호일을 깔고 한킴식혀 주시면 굳어지면서 식감이 살아나요. 🍳종이호일 '),
	(370, 82, '20200730735932_식빵팝콘7.png', '영화 한편 보시러 가시죠~~'),
	(371, 85, '202007307927580_냉라면1.JPG', '라면과 양념장 재료를 준비하고 콩나물, 청양고추, 양파는 손질해 둔다.'),
	(372, 85, '202007307927581_냉라면2.JPG', '물이 끓으면 콩나물부터 넣어준다.'),
	(373, 85, '202007307927583_냉라면3.JPG', '라면을 넣어주고'),
	(374, 85, '202007307927584_냉라면4.JPG', '건더기 수프로 넣고'),
	(375, 85, '202007307927585_냉라면5.JPG', '양파도 넣어준다.'),
	(376, 85, '202007307927587_냉라면6.JPG', '라면에 다 익으면 찬물에 씻어준 후 얼음물에 헹궈준다.'),
	(377, 85, '202007307927588_냉라면7.JPG', '간장+분말수프+청양초+설탕+식초를 넣고 소스를 만들어 부어준다.'),
	(378, 85, '202007307927590_냉라면8.JPG', '깨소금을 부려 마무리한다.'),
	(379, 86, '2020073072135885_순찌1.JPG', '기름을 두르고 다진파를 볶아준다'),
	(380, 86, '2020073072135886_순찌2.JPG', '다짐육을 넣고 같이 볶아준다'),
	(381, 86, '2020073072135888_순찌3.JPG', '다진마늘반큰술, 다진양파2큰술, 소금조금 고춧가루 2큰술, 간장한큰술, 설탕반큰술을 넣어준다 (소금의 양이 부족햇는지 싱거운편이엿어요 소금을 반큰술 정도 넣어주시면 좋을꺼 같아요)'),
	(382, 86, '2020073072135890_순찌4.JPG', '백종원 순두부찌개 양념장 완성!!'),
	(383, 86, '2020073072135894_순찌5.JPG', '여기에 물을 한컵이 안되게 넣어준다 (엄청 적은듯 싶엇지만.. 알맞앗어요 ㅎㅎ)'),
	(384, 86, '2020073072135895_순찌6.JPG', '여기에 순두부를 넣고 끓어준다'),
	(385, 86, '2020073072135897_순찌7.JPG', '마지막으로 다진파 조금과 청양고추 2개 계란 하나를 넣어주면 완성!! (매운걸 좋아하기 때문에 2개 넣어줫는데 매워요 ㅎㅎ)'),
	(387, 132, '20200815162214409_김볶1.PNG', '재료를 준비합니다!!!'),
	(388, 132, '20200815162214413_김볶2.PNG', ' 김치 쫑쫑 썰기 Tip. 가위로 자르면 편해요. - 스팸 작은 큐브모양으로 썰기'),
	(389, 132, '20200815162214416_김볶3.PNG', '마른 팬에 스팸 볶기'),
	(390, 132, '20200815162214418_김볶4.PNG', '노릇노릇하게~ 볶아주세요~'),
	(391, 132, '20200815162214420_김볶5.PNG', '김치와 설탕 추가!'),
	(392, 132, '20200815162214421_김볶6.PNG', '고추장까지 넣어서 볶아주세요'),
	(393, 132, '20200815162214423_김볶7.PNG', '김치의 하얀 부분의 색이 변하면 밥, 참기름 Tip. 밥 넣기 전 간을 보고 신맛이 강하면 설탕을 추가해주세요.'),
	(394, 132, '20200815162214424_김볶8.PNG', '깨 넣어 섞어주기 Tip. 불을 끄고 천천히 섞어주세요.'),
	(421, 142, '2020081710393179_생강1.png', '한 컵분량의 우유로 두잔을 만들수 있어요 250ml 한 컵 준비해주시면 돼요'),
	(422, 142, '2020081710393181_생강2.png', '차이 두잔 만드려면 가루 홍차나 홍차티백 최소 4개정도 필요해요 *1인에 홍차 티백 최소 2개 필요해요'),
	(423, 142, '2020081710393182_생강3.png', '우유가 금방 타지 않게 물을 50ml에 해당되는 1/5컵 정도 섞고 홍차 가루와 설탕 2T 그리고 생강 갈은 것을 1T 정도 넣어주세요 *생강 별로 안좋아하시면 생략하셔도 돼요 *설탕 양이 너무 달것 같으면 다 끓이고 마지막에 취향껏 넣어주셔도 돼요 *1인분 끓이실 경우 홍차티백2개, 우유 125ml(반 컵) 물 25ml(1/10컵) 설탕1T, 생강0.5T 넣어서 끓이시면 돼요 *설탕대신 꿀 넣으셔도 돼요:)'),
	(424, 142, '2020081710393184_생강4.png', '우유를 냄비나 포트로 바로 끓이면 밑이 바로 타버리니까 약한 불로 해서 은근히 끓여주세요'),
	(425, 142, '2020081710393185_생강5.png', '바닥에 타지 않게 저어주면서 끓여주세요 한번 부글부글 끓어오른 다음 2,3분 있다가 꺼주시면 돼요'),
	(426, 142, '2020081710393186_생강6.png', '홍차가 우러나오면서 갈색으로 변했어요	'),
	(427, 142, '2020081710393188_생강7.png', '차 거름망이 있어요'),
	(428, 142, '2020081710393189_생강8.png', '다 끓은 차이를 걸러주세요'),
	(429, 142, '2020081710393192_생강9.png', '250ml 그대로 나올 수있고 더 줄을 수도 있어요 그만큼 진해졌다는 뜻이에요'),
	(430, 142, '2020081710393194_생강10.png', '완성! 맛있게 드세요. 인도에서는 차이를 진하게 우려서 반 컵 분량인 125ml 정도 되는 양을 조그만한 잔에 마시더라고요'),
	(431, 143, '20200817104728315_멕시칸1.png', '햄은 채썰어 뜨거운 물에 한번 샤워 시킨후 잠시 물기를 제거 해주셔요~ (저는 요번에 사온 햄이 넘 맛나서 헹굼은 생략 했어요^^)'),
	(432, 143, '20200817104728316_멕시칸2.png', '그사이 삶은 계란을 흰자랑 노른자를 분리한후 흰자만~! 먹기좋게 썰어 주세요~'),
	(433, 143, '20200817104728317_멕시칸3.png', '사과와 오이도 먹기좋게 썰어 주시구요~ (저는 오이 씨부분은 물기가 많이 생겨서 제거 했어요~ 견과류도 있으시면 같이 넣으셔도 좋아용^^)'),
	(434, 143, '20200817104728321_멕시칸4.png', '소스는 마요네즈4T,머스터드3T,꿀or올리고당,1.5T,식초2T 넣어 섞어 주세요~ ★닭가슴살을 찢어서 넣어 주셔도 되구요~ 맛살,양파,당근,양배추,파프리카등등 집에 있으신 재료로 활용 하시면 되셔요^~^ 평소 새콤한맛을 별로 안좋아 하시면 식초는 생략가능 합니다^^'),
	(435, 143, '20200817104728322_멕시칸5.png', '채썬 재료들을 몽땅넣고 소스를 넣어 조물조물 해주시면 되셔요~ 소금이나 후추는 이때 맛을 보시고 취향껏 넣어 주시면 되셔요^^ (저는 후추는 생략 했구요~맛소금 두꼬집 넣었어요^^)'),
	(436, 143, '20200817104728323_멕시칸6.png', '마지막으로 이쁘게 담아 계란 노른자를 체에 슥슥 비비면서~~~! 체를 탁탁 쳐주시면서~~~! 위에 뿌려주심 끝이에요^~^'),
	(485, 148, '20200817122522961_두김1.png', '양파, 김치, 대패삼겹살을 준비해줍시다. 고기가 들어가야 맛난디 얇은 대패삽겹살이 익히기도 좋고 김치랑 식감이 잘어울립니다요 ^^ 김치는 속만 털어 준비하시고요.'),
	(486, 148, '20200817122522962_두김2.png', '잘게 썬 김치와 고기를 바울에 넣고 다진마늘 1아빠숟가락과 양파 1개도 같이 넣어줍니다.'),
	(487, 148, '20200817122522964_두김3.png', '이제 요기에 양념을 할껀디요 ~~ 고추장, 고춧가루, 설탕, 생강가루를 사진의 분량대로 넣어줍니다.'),
	(488, 148, '20200817122522965_두김4.png', '올리고당 1아빠숟가락과 진간장 1아빠숟가락도 넣고 조물조물 무쳐주시와유.. 김치가 짠 분들은 간장은 생략!! 올리고당 대신 매실액 2아빠숟가락 넣어도 맛나유 ^^'),
	(489, 148, '20200817122522966_두김5.png', '이제 달궈진 팬에 조물락거린 두부김치 재료를 넣고 볶아줍시다.'),
	(490, 148, '20200817122522967_두김6.png', '지글지글 맛난 소리 잘 들리시쥬?? 냄새는 안나나유? 아주 새콤달콤한 맛난 냄새가 온 집안에 막 퍼지네유 ^^'),
	(491, 148, '20200817122522969_두김7.png', '지글지글 볶아지는 동안 솥에 두부를 넣고 물을 부으시고 끓여주시와요. 따근한 두부 맛나잖아유 ^^ 동시에 같이 진행해야 시간 절약 되시는거 알쥬??'),
	(492, 148, '20200817122522970_두김8.png', '소면을 삶을때는 두부 데친 물에 바로 삶으면 시간도 물도 절약됩니다요. 소면 삶는법 다들 아시쥬?? 끓는 물에 소면 넣고 투명해질때가지 끓이다 건져 찬물에 헹군뒤 참기름 살짜기 넣고 버무려놓음 서로 붙지 않습니다요 ^^'),
	(493, 148, '20200817122522971_두김9.png', '데친 두부를 썰고 아까 볶은 김치와 같이 이쁜 그릇에 담아 내놓음 요로코롬 맛나고 푸짐한 두부김치가 완성됩니당 ^^'),
	(494, 148, '20200817122522973_두김10.png', '아까 삶아놓은 소면도 곁들이시와유. 같이 넣고 비벼도 되지만 소면이 퍼지니 두부김치랑 따로 즐기는게 더 좋더라고용.'),
	(495, 148, '20200817122522974_두김11.png', '따끈하게 데친 두부와 잘 볶아진 맛난 김치와 고기를 올리고 한입!! 아~~ 해보세유 ㅎㅎㅎ'),
	(496, 148, '20200817122522975_두김12.png', '소면도 먹을만큼만 덜어 양념과 같이 비벼먹음 최고 !!! 정말 맛있어서 후루룩~~~ 금새 뚝딱입니다요. ㅎㅎ'),
	(497, 148, '20200817122522977_두김13.png', '윤기 좔좔 정말 먹음직스럽쥬?? 매콤달콤한 김치와 야들야들한 고기, 따끈한 두부가 너무 조화로운 두부김치!!! 오늘저녘 두부김치 한상 올려보시와요. 저렴한 재료비로 양도 푸짐하고 아그들도 어른들도 모두 만족하는 맛나고 근사한 요리입니다. 남은 양념에 밥볶아 먹음 끝내주는거 알쥬???'),
	(556, 152, '2020081716357251_치밥1.png', '닭다리 정육살은 칼집을 내어준 후 후춧가루 약간 뿌려 밑간해주세요.'),
	(557, 152, '2020081716357252_치밥2.png', '쪽파는 어슷썰어 준비해주세요.'),
	(558, 152, '2020081716357254_치밥3.png', '양념재료들(간장 4큰술, 물 3큰술, 맛술 3큰술, 올리고당 1큰술, 설탕 0.5큰술, 생강즙 0.3큰술, 다진 대파 1큰술)을 잘 섞어주세요.'),
	(559, 152, '2020081716357255_치밥4.png', '중불로 달구어진 팬어 식용유를 두르고 닭 껍질부분부터 바삭하게 구우면서 앞뒤를 모두 익혀주세요.'),
	(560, 152, '2020081716357256_치밥5.png', '닭이 어느정도 익으면 먹기좋은 크기로 잘라준 후 양념재료들을 넣어 양념이 3큰술 정도만 남을때까지 졸여주세요.'),
	(561, 152, '2020081716357258_치밥6.png', '완성된 치킨 데리야끼를 준비된 밥 위에 올린 후 쪽파와 통깨를 뿌려내어 완성해주세요.	'),
	(570, 147, '2020081712143394_부타동1.png', '먼저 양파는 1/2개만 썰어주세요. 부타동은 별다른 야채들이 필요없어요. 간단하게 양파만 가지고 만들 수 있어서 자취생들도간단하게 만들수 있습니다.'),
	(571, 147, '2020081712143395_부타동2.png', '그 다음 양념장을 만들어줍니다. 간장 1.5큰술, 맛술 1큰술, 설탕 1큰술, 다진마늘 1작은술을 넣고 잘 섞어주세요. 원래 다진마늘 대신 생강을 넣어주는데요. 생강이 없어서 저는 다진마늘로 대체 했습니다.	'),
	(572, 147, '2020081712143396_부타동3.png', '그 다음 후라이팬에 대패삼겹살 200g을 넣고, 설탕 1큰술 넣고 볶아줍니다.고기를 볶을때 설탕을 넣으시면, 소스도 더 잘베이구요. 고기의 감칠맛을 살려줍니다.'),
	(573, 147, '2020081712143397_부타동4.png', '설탕이 다 녹으면 양파를 넣어주시구요. 그리고 소스도 같이 넣어줍니다.'),
	(574, 147, '2020081712143398_부타동5.png', '저는 소스가 있는거 보다는 바싹 굽는게 좋더라구요. 소스가 자작하게 남아있는게 좋으신 분들은 취향에 따라 맛있게 구워주시구요.'),
	(575, 147, '20200817121433100_부타동6.png', '고기가 다 익으면 밥위에 먹음직 스럽게 고기를 올려주세요.'),
	(576, 147, '20200817121433101_부타동7.png', '그리고 마지막으로 가운데에 달걀 노른자 1개를 올려줍니다. 달걀의 비린맛 때문에 날달걀을 못드시는 분이라면후라이 1개 해서 올려주시구요.'),
	(577, 147, '20200817121433103_부타동8.png', '마지막으로 파슬리 가루 뿌려주시면 맛있는 부타동 완성입니다. 생각보다 만들기 너무 간단하구요. 확실히 일본식이라 그런지 많이 자극적이지 않구요. 고기의 달콤 짭짤함과 노른자의 담백함이 어울려져서 맛있는 한끼로 손색없었습니다.'),
	(593, 172, '20200819124025315_슈가1.png', '빵반죽 재료에서 버터를 제외하고, 한덩이로 섞어줍니다.\n(반죽 기계 사용시 - 저속)\n\n만들기 30분~1시간 전에 무염버터, 달걀, 물은 냉장고에서 꺼내 상온에 보관해 둡니다.'),
	(594, 172, '20200819124025316_슈가2.png', '가루가 보이지 않고 한덩이가 되면, 버터를 넣어줍니다.\n(반죽기계 속도-저속)'),
	(595, 172, '20200819124025318_슈가3.png', '버터가 잘 반죽에 잘 섞어지면, 고속으로 변경해 탄력있는 반죽을 만들어 줍니다.'),
	(596, 172, '20200819124025319_슈가4.png', '완성된 반죽을 조금 떼내어 늘려보았을 때, 잘 늘어나며 쉽게 찢어지지 않는 상태여야 해요.'),
	(597, 172, '20200819124025321_슈가5.png', '완성된 반죽은 덧가루를 살짝 뿌린 깨끗한 볼에 옮겨 담습니다.'),
	(598, 172, '20200819124025322_슈가6.png', '젖은 면보나 비닐을 덮고, 따뜻한 곳에서 1차 발효 합니다.\n\n컵에 뜨거운 물을 담고, 반죽볼을 함께 넣은 후 전자레인지 문을 닫아두면 됩니다.'),
	(599, 172, '20200819124025323_슈가7.png', '1차 발효가 끝난 반죽이에요.\n둥글리기 해서 15분간 상온에서 벤치 타임을 갖습니다.'),
	(600, 172, '20200819124025325_슈가8.png', '반죽을 18개로 분할합니다.\n원하는 크기로 분할하면 됩니다.'),
	(601, 172, '20200819124025326_슈가9.png', '분할한 반죽을 막대모양으로 밀어펴주세요.	'),
	(602, 172, '20200819124025330_슈가91.png', '양 끝을 붙여 이음매를 단단히 고정시켜줍니다.'),
	(603, 172, '20200819124025332_슈가92.png', '이렇게 도넛 모양으로 성형해 주면 됩니다.'),
	(604, 172, '20200819124025333_슈가93.png', '일정한 간격을 두고, 2차 발효를 합니다.\n(젖은 면보나 비닐을 덮어주세요)'),
	(605, 172, '20200819124025334_슈가94.png', '2차 발효를 하는 동안 슈가 글레이즈 소스를 만듭니다.\n슈가파우더와 우유를 거품기로 섞어주세요.'),
	(606, 172, '20200819124025335_슈가95.png', '2차 발효가 완료되었어요!'),
	(607, 172, '20200819124025337_슈가96.png', '튀김용 기름을 170도로 맞춘 후, 도넛을 튀겨줍니다. (약 5-6분)'),
	(608, 172, '20200819124025338_슈가97.png', '튀겨진 도넛은 한김 식힌 후, 만들어 두었던 슈가 글레이즈 소스에 담궜다 뺍니다.'),
	(609, 172, '20200819124025340_슈가98.png', '꿀맛 보장 글레이즈드 도넛 완성!'),
	(616, 84, '202007307649701_메추리알1.PNG', '깐 메추리알을 준비해주세요. '),
	(617, 84, '202007307649703_메추리알2.PNG', '깐 메추리알은 채에 받쳐서 여러번 깨끗이 씻어서 준비해주세요'),
	(618, 84, '202007307649704_메추리알3.PNG', '그리고 냄비에 메추리알과 분량의 양념을 넣어주시면 되는데요 물은 머그컵으로 반정도 넣어주고 간장, 설탕, 미림, 올리고당등을 넣어주세요'),
	(619, 84, '202007307649706_메추리알4.PNG', '양념들을 다 넣었으면 센불로 한번 팔팔 ~ 끓여주시구요 끓기 시작하면 중불로 줄여서 국물이 거의 없어질 정도로 졸여주세요!'),
	(620, 84, '202007307649708_메추리알5.PNG', '색이 잘 입혀질 때 까지 끓여주세요'),
	(621, 84, '202007307649710_메추리알.PNG', '바글바글 ~ 졸여주시면 국물이 거의 안남았을쯤에 이렇게 양옆으로 거품이 보글보글 올라오기 시작해요 그러면 그때, 불을 꺼주시면 메추리알 완성~!'),
	(627, 149, '20200817123248134_바지1.png', '[재료 손질] 1. 마늘 편 썰기 2. 바지락살 끓는 물에 청주를 넣고 데치기 3. 청양고추 쏭쏭 썰기'),
	(628, 149, '20200817123248136_바지2.png', '달구어진 팬에 오일을 두르고, 편 썰기 한 마늘을 넣고 볶아주세요.'),
	(629, 149, '20200817123248137_바지3.png', '마늘이 연한 갈색빛을 띠면 밥을 넣고 볶아주세요. '),
	(630, 149, '20200817123248138_바지4.png', '바지락살과 청양고추를 넣고 섞어가며 볶아주세요.'),
	(631, 149, '20200817123248140_바지5.png', '바지락마늘볶음밥의 간은 기호에 맞게 굴소스로~'),
	(638, 141, '20200817102954377_동남아1.png', '숙주 1/2봉 대파(흰부분) 1뿌리 당근 1/2 양파 1개 참치캔 2개 달걀 4개'),
	(639, 141, '20200817102954379_동남아2.png', '먼저 넣을 야채인 양파,대파, 당근은 채썰거나 잘게 썰어둔다.'),
	(640, 141, '20200817102954380_동남아3.png', '스크램블 에그 달걀 1개 크기가 작아서 4개를 넣었는데 좀 더 부드럽게 하기 위해 종이컵1컵 정도의 우유와 섞어 달걀물을 만들어 약한 불에 익혔다'),
	(641, 141, '20200817102954381_동ㄴ마아4.png', '식용유를 두르고 야채를 먼저 볶는다. 이 때 고추 기름이 있으면 넣어도 좋은데 집에는 없어서 생략'),
	(642, 141, '20200817102954383_동남아5.png', ' 참치는 물기를 제거하고 양념장과 함께 볶는다. 고추장이나 고춧가루는 선호에 따라 넣어도 된다. (고추참치를 잘못 사온 관계로, 양념은 약하게 했다. ) 양념장 : 간장 3스푼, 맛소금, 후추 약간,굴 소스4스푼'),
	(643, 141, '20200817102954384_동남아6.png', '볶은 야채에 참치를 넣고 밥과 함께 볶다가 스크램블 에그를 넣고 마지막에 숙주를 넣어 같이 볶는다.'),
	(654, 140, '20200817102036478_두부1.png', '두부는 먹기 좋은 큐브 모양으로 썬 뒤 물기를 제거해 주세요.'),
	(655, 140, '20200817102036481_두부2.png', '대파와 홍, 청고추는 잘게 다져 준비합니다. 고추가 없다면 피망이나 파프리카를 사용해도 좋아요 !!'),
	(656, 140, '20200817102036482_두부3.png', '물기를 제거한 두부는 위생팩에 담아 녹말 5스푼을 넣고 흔들어 녹말가루를 골고루 묻혀주세요.'),
	(657, 140, '20200817102036484_두부4.png', '팬에 기름을 넉넉히 두르고 녹말가루를 묻힌 두부를 구워 기름을 제거해줍니다. 노릇노릇 바삭바삭하게 구워주세요'),
	(658, 140, '20200817102036485_두부5.png', '소스도 만들어 주세요. 굴 소스 2, 간장 1, 설탕 2, 식초 2, 물 3'),
	(659, 140, '20200817102036487_두부6.png', '팬에 고추기름 5스푼, 다진 마늘 1스푼을 넣어 마늘향이 나도록 달달 볶아줍니다.'),
	(660, 140, '20200817102036488_두부7.png', '마늘향이 솔솔 올라오면 미리 준비해둔 야채를 넣고 한 번 더 볶아주세요.'),
	(661, 140, '20200817102036490_두부8.png', '야채들을 볶은 뒤 소스를 넣어 바글바글 끓여주세요.'),
	(662, 140, '20200817102036491_두부9.png', '소스가 끓어오른 뒤 구운 두부를 넣고 양념이 잘 베이도록 뒤적거려가며 졸이듯 볶아주세요!'),
	(663, 140, '20200817102036492_두부10.png', '매콤 달콤한 두부 깐풍기 완성!!'),
	(697, 182, '202008229945116_상세1.png', '먼저 녹인 버터를 식빵에 골고루 발라줍니다.'),
	(698, 182, '202008229945121_상세2.png', '슬라이스 치즈 한장 올려 주고 그위에 캔옥수수 2스푼 올려줍니다.'),
	(699, 182, '202008229945122_상세4.png', '이제 700w 기준 전자레진에 넣고 40초만 돌려 주심 끝!'),
	(700, 182, '202008229945124_상세5.png', '설탕은 기호에 맞게 솔솔 뿌려주세요!! 파슬리는 선택사항입니다.'),
	(701, 182, '202008229945125_상세3.png', '1분완성 핵꿀맛 토스트 완성입니다! 커피와 함께즐기세요 ㅎㅎ');
/*!40000 ALTER TABLE `recipe_photo` ENABLE KEYS */;

-- 테이블 ssafy.report_recipe 구조 내보내기
CREATE TABLE IF NOT EXISTS `report_recipe` (
  `report_recipe_id` int(11) NOT NULL AUTO_INCREMENT,
  `recipe_id` int(11) NOT NULL,
  `user_id` int(11) NOT NULL,
  `reason` varchar(255) DEFAULT NULL,
  PRIMARY KEY (`report_recipe_id`),
  KEY `report__recipe` (`recipe_id`),
  KEY `report__user` (`user_id`),
  CONSTRAINT `report__recipe` FOREIGN KEY (`recipe_id`) REFERENCES `recipe` (`recipe_id`) ON DELETE CASCADE,
  CONSTRAINT `report__user` FOREIGN KEY (`user_id`) REFERENCES `user` (`user_id`) ON DELETE CASCADE
) ENGINE=InnoDB AUTO_INCREMENT=28 DEFAULT CHARSET=utf8mb4;

-- 테이블 데이터 ssafy.report_recipe:~2 rows (대략적) 내보내기
/*!40000 ALTER TABLE `report_recipe` DISABLE KEYS */;
INSERT INTO `report_recipe` (`report_recipe_id`, `recipe_id`, `user_id`, `reason`) VALUES
	(26, 152, 0, '기타/null'),
	(27, 152, 43, '기타/null');
/*!40000 ALTER TABLE `report_recipe` ENABLE KEYS */;

-- 테이블 ssafy.review 구조 내보내기
CREATE TABLE IF NOT EXISTS `review` (
  `review_id` int(11) NOT NULL AUTO_INCREMENT,
  `user_id` int(11) NOT NULL,
  `recipe_id` int(11) NOT NULL,
  `rating` double DEFAULT 0,
  `content` varchar(255) DEFAULT NULL,
  `reg_time` datetime NOT NULL DEFAULT current_timestamp(),
  PRIMARY KEY (`review_id`),
  KEY `review_ibfk_2` (`recipe_id`),
  KEY `review_ibfk_1` (`user_id`),
  CONSTRAINT `review_ibfk_1` FOREIGN KEY (`user_id`) REFERENCES `user` (`user_id`) ON DELETE CASCADE,
  CONSTRAINT `review_ibfk_2` FOREIGN KEY (`recipe_id`) REFERENCES `recipe` (`recipe_id`) ON DELETE CASCADE
) ENGINE=InnoDB AUTO_INCREMENT=126 DEFAULT CHARSET=utf8mb4;

-- 테이블 데이터 ssafy.review:~34 rows (대략적) 내보내기
/*!40000 ALTER TABLE `review` DISABLE KEYS */;
INSERT INTO `review` (`review_id`, `user_id`, `recipe_id`, `rating`, `content`, `reg_time`) VALUES
	(37, 1, 71, 5, '쉽게 따라할 수 있겠어요~~', '2020-07-29 14:02:01'),
	(40, 38, 86, 5, '너무 맛있어보여요 ㅎㅎㅎㅎ', '2020-07-30 14:54:16'),
	(46, 38, 71, 4, '따라해볼게요!!', '2020-07-31 00:07:27'),
	(49, 43, 71, 5, '좋은 레시피같아요!', '2020-07-31 00:27:51'),
	(53, 1, 86, 4, '따라해보고싶어요', '2020-07-31 05:08:40'),
	(54, 34, 86, 2, '맛있어보여요', '2020-07-31 06:09:48'),
	(56, 2, 92, 1, '211322', '2020-08-03 05:27:39'),
	(68, 43, 92, 4, 'Test222333333333344466', '2020-08-05 14:05:51'),
	(72, 1, 84, 5, '메추리알을 정말 쉽게 만들 수 있었어요 감사합니다!!!', '2020-08-13 12:38:53'),
	(73, 34, 92, 5, '내가 작성한 레시피', '2020-08-13 15:41:16'),
	(89, 1, 73, 4, '미역국을 처음 끓여 봤는데, 레시피를 보고 쉽게 끓일 수 있었어요!', '2020-08-16 00:02:20'),
	(90, 1, 81, 5, '로제 파스타 정말 좋아하는데...! 꼭 따라해보고 싶은 레시피네여', '2020-08-16 00:08:01'),
	(91, 1, 82, 5, '식빵으로 팝콘을 만들 수 있다니! 좋은 레시피 감사합니다', '2020-08-16 00:09:03'),
	(92, 1, 85, 3, '레시피 자체는 쉽게 따라할 수 있었는데, 제 입맛에는 조금 별로네요', '2020-08-16 00:09:44'),
	(93, 5, 80, 5, '편의점 재료로 이런 퀄리티를...? 대박이네요', '2020-08-16 00:11:28'),
	(94, 5, 79, 5, '친절한 설명 감사합니다~!', '2020-08-16 00:11:57'),
	(95, 5, 78, 4, '추억의 요리네요~ 아이들과 너무 맛있게 먹었습니다!! 하트 누르고 갑니다', '2020-08-16 00:12:29'),
	(96, 5, 77, 3, '친절하게 설명해주셨는데.... 저는 실패했네요..! 다음에 재도전 갑니다', '2020-08-16 00:13:05'),
	(97, 5, 76, 5, '계란 안에 치즈를 넣고 굽다니..! 너무 좋은 방법이네요~!', '2020-08-16 00:14:03'),
	(98, 5, 75, 4, '떡국이 정말 먹고 싶었는데..! 레시피 참고해 만들어서 먹었습니다!!!! 존맛!!!', '2020-08-16 00:15:09'),
	(99, 5, 74, 5, '휴게소에서 먹던 바로 그 맛. 매우 감동.', '2020-08-16 00:15:59'),
	(100, 5, 132, 5, '자취생 최고의 요리! 스팸김볶~!', '2020-08-16 01:23:07'),
	(102, 1, 141, 3, '왜 그대로 따라했는데,, 맛이 안 날까요..? 다음에 다시 한번 도전해보겠습니다!', '2020-08-17 21:35:04'),
	(103, 1, 142, 5, '카페에서만 먹던 밀크티를 레시피 보고 처음 만들어봤어요!! 맛있어요~!', '2020-08-17 21:35:38'),
	(104, 1, 143, 2, '처음 보는 요리인데;; 제 입엔 안 맞는걸로..ㅎㅎ', '2020-08-17 21:36:02'),
	(105, 1, 147, 5, '부타동은 사랑입니다...(하트)', '2020-08-17 21:36:26'),
	(106, 1, 148, 5, '요즘 날씨에 딱인 음식이네요!! 친절한 설명 감사합니다!', '2020-08-17 21:37:03'),
	(107, 1, 149, 4, '바지락 마늘 볶음밥 처음 만들어봤는데, 맛있네요~', '2020-08-17 21:37:38'),
	(108, 1, 140, 4, '너무너무너무 좋은 레시피입니다!', '2020-08-17 21:39:15'),
	(110, 34, 148, 4, '맛있겠다', '2020-08-17 21:50:32'),
	(111, 1, 152, 5, '너무 맛있네요~!', '2020-08-18 09:21:16'),
	(116, 2, 172, 5, '크리스피 도넛 너무 좋아하는데..!!! 정말 좋은 레시피입니다', '2020-08-19 21:41:36'),
	(122, 38, 77, 5, '맛있을거같아요!!', '2020-08-20 17:40:23'),
	(125, 104, 77, 1, '쉬워보여요!!', '2020-08-20 19:54:32');
/*!40000 ALTER TABLE `review` ENABLE KEYS */;

-- 테이블 ssafy.user 구조 내보내기
CREATE TABLE IF NOT EXISTS `user` (
  `user_id` int(11) NOT NULL AUTO_INCREMENT,
  `email` varchar(128) NOT NULL,
  `password` varchar(40) NOT NULL,
  `nickname` varchar(40) NOT NULL,
  `auth` int(11) NOT NULL DEFAULT 0,
  `detail` varchar(255) DEFAULT NULL,
  `profile_photo` varchar(255) NOT NULL DEFAULT 'dochi.png',
  PRIMARY KEY (`user_id`),
  UNIQUE KEY `email` (`email`),
  UNIQUE KEY `nickname` (`nickname`)
) ENGINE=InnoDB AUTO_INCREMENT=107 DEFAULT CHARSET=utf8mb4;

-- 테이블 데이터 ssafy.user:~15 rows (대략적) 내보내기
/*!40000 ALTER TABLE `user` DISABLE KEYS */;
INSERT INTO `user` (`user_id`, `email`, `password`, `nickname`, `auth`, `detail`, `profile_photo`) VALUES
	(0, 'admin@co-ok.com', 'admin', 'admin', 1, '', 'dochi.png'),
	(1, 'wkd@gmail.com', 'wkd', '장장', 1, '안녕하세요 장입니다gg', '202008139142689_dRR0bO-62.jpeg'),
	(2, 'test@test.com', '1', 'test', 1, '장이 누군데요 ', '202008070183812_개.png'),
	(5, 'choi@gmail.com', 'choi', 'choi', 1, NULL, '20200817145849899_나나.png'),
	(6, 'kwon@gmail.com', '1', 'kwon', 1, NULL, 'dochi.png'),
	(9, 'aa@aa.aa', '1', '원대', 1, NULL, 'dochi.png'),
	(11, 'dnjseo@gmail.com', 'dnjseo', 'wondae', 1, NULL, 'dochi.png'),
	(34, 'ryunhoo123@naver.com', 'asdf', 'ryunhoo1', 1, NULL, '2020081824346236_emoji.gif'),
	(38, 'min94913@naver.com', '1234', 'min', 1, '요리왕입니다.', '20200817145953685_보라.png'),
	(43, 'lee33843@gmail.com', '1597qead', '이동혁', 1, '안녕하세요. A104 씨없는수박 팀의 이동혁입니다.', '2020081835040740_3x4 e.jpg'),
	(77, 'ssafy@ssafy.com', 'ssafy', 'ssafy', 1, NULL, '2020082012216429_ssafy.png'),
	(84, 'swimming_7291@daum.net', 'tmdnlald', '스위밍', 1, NULL, 'dochi.png'),
	(86, 'wjdtn7823@naver.com', 'power123', 'ingwang', 1, NULL, 'dochi.png'),
	(92, 'honol82@naver.com', 'asdf', 'honol', 1, NULL, 'dochi.png'),
	(104, 'min4kwon@gmail.com', '1234', '코옥', 1, '요리왕이되고싶다!!', 'dochi.png'),
	(105, 'abcd@naver.com', '123456', 'abcd', 0, NULL, 'dochi.png');
/*!40000 ALTER TABLE `user` ENABLE KEYS */;

-- 테이블 ssafy.versus 구조 내보내기
CREATE TABLE IF NOT EXISTS `versus` (
  `versus_id` int(11) NOT NULL AUTO_INCREMENT,
  `title` varchar(100) NOT NULL DEFAULT '',
  `content` varchar(255) DEFAULT '',
  `user_id` int(11) NOT NULL,
  `recipe_id_1` int(11) NOT NULL DEFAULT 0,
  `recipe_id_2` int(11) NOT NULL DEFAULT 0,
  `recipe_id_3` int(11) NOT NULL DEFAULT 0,
  `recipe_id_4` int(11) NOT NULL DEFAULT 0,
  `recipe_id_5` int(11) NOT NULL DEFAULT 0,
  `recipe_id_6` int(11) NOT NULL DEFAULT 0,
  `recipe_id_7` int(11) NOT NULL DEFAULT 0,
  `recipe_id_8` int(11) NOT NULL DEFAULT 0,
  `recipe_id_9` int(11) NOT NULL DEFAULT 0,
  `recipe_id_10` int(11) NOT NULL DEFAULT 0,
  `recipe_id_11` int(11) NOT NULL DEFAULT 0,
  `recipe_id_12` int(11) NOT NULL DEFAULT 0,
  `recipe_id_13` int(11) NOT NULL DEFAULT 0,
  `recipe_id_14` int(11) NOT NULL DEFAULT 0,
  `recipe_id_15` int(11) NOT NULL DEFAULT 0,
  `recipe_id_16` int(11) NOT NULL DEFAULT 0,
  PRIMARY KEY (`versus_id`),
  KEY `recipe_id_1` (`recipe_id_1`),
  KEY `recipe_id_2` (`recipe_id_2`),
  KEY `recipe_id_3` (`recipe_id_3`),
  KEY `recipe_id_4` (`recipe_id_4`),
  KEY `recipe_id_5` (`recipe_id_5`),
  KEY `recipe_id_6` (`recipe_id_6`),
  KEY `recipe_id_7` (`recipe_id_7`),
  KEY `recipe_id_9` (`recipe_id_9`),
  KEY `recipe_id_10` (`recipe_id_10`),
  KEY `recipe_id_11` (`recipe_id_11`),
  KEY `recipe_id_12` (`recipe_id_12`),
  KEY `recipe_id_13` (`recipe_id_13`),
  KEY `recipe_id_8` (`recipe_id_8`),
  KEY `recipe_id_14` (`recipe_id_14`),
  KEY `recipe_id_15` (`recipe_id_15`),
  KEY `recipe_id_16` (`recipe_id_16`),
  KEY `user_versus_id` (`user_id`),
  CONSTRAINT `recipe_id_1` FOREIGN KEY (`recipe_id_1`) REFERENCES `recipe` (`recipe_id`) ON DELETE CASCADE ON UPDATE CASCADE,
  CONSTRAINT `recipe_id_10` FOREIGN KEY (`recipe_id_10`) REFERENCES `recipe` (`recipe_id`) ON DELETE CASCADE ON UPDATE CASCADE,
  CONSTRAINT `recipe_id_11` FOREIGN KEY (`recipe_id_11`) REFERENCES `recipe` (`recipe_id`) ON DELETE CASCADE ON UPDATE CASCADE,
  CONSTRAINT `recipe_id_12` FOREIGN KEY (`recipe_id_12`) REFERENCES `recipe` (`recipe_id`) ON DELETE CASCADE ON UPDATE CASCADE,
  CONSTRAINT `recipe_id_13` FOREIGN KEY (`recipe_id_13`) REFERENCES `recipe` (`recipe_id`) ON DELETE CASCADE ON UPDATE CASCADE,
  CONSTRAINT `recipe_id_14` FOREIGN KEY (`recipe_id_14`) REFERENCES `recipe` (`recipe_id`) ON DELETE CASCADE ON UPDATE CASCADE,
  CONSTRAINT `recipe_id_15` FOREIGN KEY (`recipe_id_15`) REFERENCES `recipe` (`recipe_id`) ON DELETE CASCADE ON UPDATE CASCADE,
  CONSTRAINT `recipe_id_16` FOREIGN KEY (`recipe_id_16`) REFERENCES `recipe` (`recipe_id`) ON DELETE CASCADE ON UPDATE CASCADE,
  CONSTRAINT `recipe_id_2` FOREIGN KEY (`recipe_id_2`) REFERENCES `recipe` (`recipe_id`) ON DELETE CASCADE ON UPDATE CASCADE,
  CONSTRAINT `recipe_id_3` FOREIGN KEY (`recipe_id_3`) REFERENCES `recipe` (`recipe_id`) ON DELETE CASCADE ON UPDATE CASCADE,
  CONSTRAINT `recipe_id_4` FOREIGN KEY (`recipe_id_4`) REFERENCES `recipe` (`recipe_id`) ON DELETE CASCADE ON UPDATE CASCADE,
  CONSTRAINT `recipe_id_5` FOREIGN KEY (`recipe_id_5`) REFERENCES `recipe` (`recipe_id`) ON DELETE CASCADE ON UPDATE CASCADE,
  CONSTRAINT `recipe_id_6` FOREIGN KEY (`recipe_id_6`) REFERENCES `recipe` (`recipe_id`) ON DELETE CASCADE ON UPDATE CASCADE,
  CONSTRAINT `recipe_id_7` FOREIGN KEY (`recipe_id_7`) REFERENCES `recipe` (`recipe_id`) ON DELETE CASCADE ON UPDATE CASCADE,
  CONSTRAINT `recipe_id_8` FOREIGN KEY (`recipe_id_8`) REFERENCES `recipe` (`recipe_id`) ON DELETE CASCADE ON UPDATE CASCADE,
  CONSTRAINT `recipe_id_9` FOREIGN KEY (`recipe_id_9`) REFERENCES `recipe` (`recipe_id`) ON DELETE CASCADE ON UPDATE CASCADE,
  CONSTRAINT `user_versus_id` FOREIGN KEY (`user_id`) REFERENCES `user` (`user_id`) ON DELETE CASCADE ON UPDATE CASCADE
) ENGINE=InnoDB AUTO_INCREMENT=55 DEFAULT CHARSET=utf8mb4 COMMENT='요리대전';

-- 테이블 데이터 ssafy.versus:~13 rows (대략적) 내보내기
/*!40000 ALTER TABLE `versus` DISABLE KEYS */;
INSERT INTO `versus` (`versus_id`, `title`, `content`, `user_id`, `recipe_id_1`, `recipe_id_2`, `recipe_id_3`, `recipe_id_4`, `recipe_id_5`, `recipe_id_6`, `recipe_id_7`, `recipe_id_8`, `recipe_id_9`, `recipe_id_10`, `recipe_id_11`, `recipe_id_12`, `recipe_id_13`, `recipe_id_14`, `recipe_id_15`, `recipe_id_16`) VALUES
	(39, '내가 만든 요리', '요리대결!', 34, 132, 92, 86, 85, 84, 82, 81, 80, 79, 78, 77, 76, 75, 74, 73, 71),
	(42, '첫번째 대회', 'ㅎㅎㅎ', 43, 84, 85, 86, 92, 132, 82, 81, 80, 79, 78, 77, 76, 75, 74, 73, 71),
	(43, '야식 대결!!', '야식 선발전', 9, 149, 148, 147, 143, 142, 141, 140, 132, 92, 86, 82, 84, 80, 81, 76, 75),
	(44, '맛있는 요리 고르기~~', '요리짱', 9, 82, 81, 79, 78, 77, 85, 84, 92, 140, 142, 141, 143, 132, 86, 80, 76),
	(45, '요리짱짱맨', '짱', 9, 78, 75, 71, 73, 76, 77, 79, 80, 81, 82, 84, 86, 140, 141, 142, 143),
	(46, '오늘 뭐먹지~?', '오늘먹을음식', 9, 147, 140, 86, 85, 84, 82, 81, 80, 79, 76, 75, 74, 73, 71, 77, 78),
	(47, '천하제일 요리대회', '요리 대회', 9, 141, 132, 86, 85, 84, 82, 81, 80, 79, 78, 76, 75, 74, 73, 71, 77),
	(48, '오늘의 안주ㅎㅎ', '안주', 9, 80, 76, 75, 74, 73, 71, 77, 78, 79, 82, 84, 142, 147, 143, 148, 149),
	(49, '배달머먹지', '배달요리', 9, 152, 147, 143, 142, 141, 140, 132, 92, 86, 85, 82, 84, 81, 80, 79, 78),
	(50, '오늘 뭐먹징', '오늘 머먹징', 9, 79, 81, 78, 80, 82, 84, 85, 86, 92, 132, 140, 141, 142, 143, 147, 148),
	(52, '최고의 저녁 메뉴', '코옥에 있는 최고의 저녁 메뉴 레시피', 43, 149, 152, 148, 147, 143, 142, 141, 140, 132, 92, 86, 85, 84, 82, 81, 80),
	(53, '요즘 같은 날씨에 제일 생각나는 메뉴', '더운 여름 먹고싶은 레시피', 1, 172, 152, 149, 147, 148, 143, 141, 140, 132, 92, 85, 84, 82, 81, 79, 78),
	(54, '지금 이순간 땡기는 요리', '순간순간 골라봐요!', 43, 140, 82, 81, 80, 79, 78, 77, 76, 75, 74, 73, 84, 85, 86, 92, 132);
/*!40000 ALTER TABLE `versus` ENABLE KEYS */;

-- 테이블 ssafy.versus_point 구조 내보내기
CREATE TABLE IF NOT EXISTS `versus_point` (
  `versus_point_id` int(11) NOT NULL AUTO_INCREMENT,
  `versus_id` int(11) NOT NULL DEFAULT 0,
  `recipe_id` int(11) NOT NULL DEFAULT 0,
  PRIMARY KEY (`versus_point_id`),
  KEY `recipe_id` (`recipe_id`),
  KEY `versus_id` (`versus_id`),
  CONSTRAINT `recipe_id` FOREIGN KEY (`recipe_id`) REFERENCES `recipe` (`recipe_id`) ON DELETE CASCADE ON UPDATE CASCADE,
  CONSTRAINT `versus_id` FOREIGN KEY (`versus_id`) REFERENCES `versus` (`versus_id`) ON DELETE CASCADE ON UPDATE CASCADE
) ENGINE=InnoDB AUTO_INCREMENT=498 DEFAULT CHARSET=utf8mb4 COMMENT='요리대전 승점 카운트';

-- 테이블 데이터 ssafy.versus_point:~53 rows (대략적) 내보내기
/*!40000 ALTER TABLE `versus_point` DISABLE KEYS */;
INSERT INTO `versus_point` (`versus_point_id`, `versus_id`, `recipe_id`) VALUES
	(426, 42, 81),
	(428, 42, 73),
	(433, 42, 73),
	(434, 42, 77),
	(435, 42, 77),
	(436, 42, 132),
	(443, 42, 84),
	(444, 42, 132),
	(449, 42, 81),
	(450, 42, 81),
	(451, 42, 73),
	(452, 42, 73),
	(454, 42, 132),
	(455, 42, 77),
	(456, 42, 71),
	(457, 39, 81),
	(461, 45, 82),
	(462, 48, 71),
	(463, 50, 140),
	(464, 49, 85),
	(465, 50, 147),
	(466, 49, 92),
	(467, 49, 147),
	(468, 42, 76),
	(469, 49, 132),
	(470, 49, 140),
	(471, 52, 85),
	(472, 52, 85),
	(473, 52, 80),
	(474, 52, 80),
	(475, 52, 143),
	(476, 44, 132),
	(477, 52, 149),
	(478, 48, 77),
	(479, 54, 80),
	(480, 53, 172),
	(481, 53, 85),
	(482, 53, 84),
	(483, 39, 81),
	(484, 42, 75),
	(485, 53, 79),
	(486, 49, 92),
	(487, 49, 78),
	(488, 49, 78),
	(489, 49, 79),
	(490, 49, 152),
	(491, 49, 78),
	(492, 53, 148),
	(493, 53, 132),
	(494, 54, 85),
	(495, 53, 148),
	(496, 52, 85),
	(497, 54, 76);
/*!40000 ALTER TABLE `versus_point` ENABLE KEYS */;

-- 테이블 ssafy.youtube 구조 내보내기
CREATE TABLE IF NOT EXISTS `youtube` (
  `youtube_id` int(11) NOT NULL AUTO_INCREMENT,
  `recipe_id` int(11) NOT NULL DEFAULT 0,
  `video_id` varchar(255) NOT NULL DEFAULT '0',
  `thumbnail_src` varchar(255) NOT NULL DEFAULT '0',
  PRIMARY KEY (`youtube_id`),
  KEY `fk_recipe_id` (`recipe_id`),
  CONSTRAINT `fk_recipe_id` FOREIGN KEY (`recipe_id`) REFERENCES `recipe` (`recipe_id`) ON DELETE CASCADE
) ENGINE=InnoDB AUTO_INCREMENT=184 DEFAULT CHARSET=utf8mb4;

-- 테이블 데이터 ssafy.youtube:~78 rows (대략적) 내보내기
/*!40000 ALTER TABLE `youtube` DISABLE KEYS */;
INSERT INTO `youtube` (`youtube_id`, `recipe_id`, `video_id`, `thumbnail_src`) VALUES
	(1, 71, 'OWIUE2szVsw', 'https://i.ytimg.com/vi/OWIUE2szVsw/sddefault.jpg'),
	(2, 71, '2qu0ltEY6DM', 'https://i.ytimg.com/vi/2qu0ltEY6DM/sddefault.jpg'),
	(3, 71, 'T7YJviWhquo', 'https://i.ytimg.com/vi/T7YJviWhquo/sddefault.jpg'),
	(22, 73, 'xsTFsunt6-8', 'https://i.ytimg.com/vi/xsTFsunt6-8/sddefault.jpg'),
	(23, 73, 'l1Hnjtmd3TA', 'https://i.ytimg.com/vi/l1Hnjtmd3TA/sddefault.jpg'),
	(24, 73, 'gJjT7XZtdqU', 'https://i.ytimg.com/vi/gJjT7XZtdqU/sddefault.jpg'),
	(25, 74, 'HFBSTOI87Ks', 'https://i.ytimg.com/vi/HFBSTOI87Ks/sddefault.jpg'),
	(26, 74, 'b9s6J9sd3M4', 'https://i.ytimg.com/vi/b9s6J9sd3M4/sddefault.jpg'),
	(27, 74, 'ylpmvmdK70A', 'https://i.ytimg.com/vi/ylpmvmdK70A/sddefault.jpg'),
	(28, 75, 'EfRGTCyk6nU', 'https://i.ytimg.com/vi/EfRGTCyk6nU/sddefault.jpg'),
	(29, 75, 'OAD9ogrcn3A', 'https://i.ytimg.com/vi/OAD9ogrcn3A/sddefault.jpg'),
	(30, 75, 'e5qX3hgSH4o', 'https://i.ytimg.com/vi/e5qX3hgSH4o/sddefault.jpg'),
	(31, 76, 'qw7letv1DJw', 'https://i.ytimg.com/vi/qw7letv1DJw/sddefault.jpg'),
	(32, 76, 'kLcxOtk1uS0', 'https://i.ytimg.com/vi/kLcxOtk1uS0/sddefault.jpg'),
	(33, 76, '-hS_4TeLTNQ', 'https://i.ytimg.com/vi/-hS_4TeLTNQ/sddefault.jpg'),
	(34, 77, 'W5j_feDwvOc', 'https://i.ytimg.com/vi/W5j_feDwvOc/sddefault.jpg'),
	(35, 77, 'Swohpxb3hEs', 'https://i.ytimg.com/vi/Swohpxb3hEs/sddefault.jpg'),
	(36, 77, 'NMW2tSBJBPA', 'https://i.ytimg.com/vi/NMW2tSBJBPA/sddefault.jpg'),
	(37, 78, 'MvIZ1PahkO0', 'https://i.ytimg.com/vi/MvIZ1PahkO0/sddefault.jpg'),
	(38, 78, 'tZWmZ9QnjKg', 'https://i.ytimg.com/vi/tZWmZ9QnjKg/sddefault.jpg'),
	(39, 78, 'TEfW6u_Vfy8', 'https://i.ytimg.com/vi/TEfW6u_Vfy8/sddefault.jpg'),
	(40, 79, 'xUTgLJBUdas', 'https://i.ytimg.com/vi/xUTgLJBUdas/sddefault.jpg'),
	(41, 79, 'ZZdv5w3fEI8', 'https://i.ytimg.com/vi/ZZdv5w3fEI8/sddefault.jpg'),
	(42, 79, 'frhiNvLKano', 'https://i.ytimg.com/vi/frhiNvLKano/sddefault.jpg'),
	(43, 80, 'mwImCPzfom8', 'https://i.ytimg.com/vi/mwImCPzfom8/sddefault.jpg'),
	(44, 80, 'DS9Iv6oPukM', 'https://i.ytimg.com/vi/DS9Iv6oPukM/sddefault.jpg'),
	(45, 80, 'j8aBkr0xqF0', 'https://i.ytimg.com/vi/j8aBkr0xqF0/sddefault.jpg'),
	(46, 81, 'PY2MIhgVtVQ', 'https://i.ytimg.com/vi/PY2MIhgVtVQ/sddefault.jpg'),
	(47, 81, 'ifkfILeugeg', 'https://i.ytimg.com/vi/ifkfILeugeg/sddefault.jpg'),
	(48, 81, 'EtfmaKo06M4', 'https://i.ytimg.com/vi/EtfmaKo06M4/sddefault.jpg'),
	(49, 82, 'Zndeg8FB2q8', 'https://i.ytimg.com/vi/Zndeg8FB2q8/sddefault.jpg'),
	(50, 82, '8AmKnslBnxY', 'https://i.ytimg.com/vi/8AmKnslBnxY/sddefault.jpg'),
	(51, 82, 'i8OuBFLndDU', 'https://i.ytimg.com/vi/i8OuBFLndDU/sddefault.jpg'),
	(52, 84, 'QnEcgQdpit8', 'https://i.ytimg.com/vi/QnEcgQdpit8/sddefault.jpg'),
	(53, 84, 'uyWZHoHrCwQ', 'https://i.ytimg.com/vi/uyWZHoHrCwQ/sddefault.jpg'),
	(54, 84, 'l_yE3iPD6JE', 'https://i.ytimg.com/vi/l_yE3iPD6JE/sddefault.jpg'),
	(55, 85, 'ny9XkQbN6sI', 'https://i.ytimg.com/vi/ny9XkQbN6sI/sddefault.jpg'),
	(56, 85, 'lD53g8VjQnU', 'https://i.ytimg.com/vi/lD53g8VjQnU/sddefault.jpg'),
	(57, 85, 'rkR16X74UDQ', 'https://i.ytimg.com/vi/rkR16X74UDQ/sddefault.jpg'),
	(58, 86, 'nj-DjQFEZb0', 'https://i.ytimg.com/vi/nj-DjQFEZb0/sddefault.jpg'),
	(59, 86, 'GP8_7D5eM6A', 'https://i.ytimg.com/vi/GP8_7D5eM6A/sddefault.jpg'),
	(60, 86, 'fCL0xAtbSDM', 'https://i.ytimg.com/vi/fCL0xAtbSDM/sddefault.jpg'),
	(61, 92, '9EvuAjTlCRk', 'https://i.ytimg.com/vi/9EvuAjTlCRk/sddefault.jpg'),
	(62, 92, 'c23GXfp6NA8', 'https://i.ytimg.com/vi/c23GXfp6NA8/sddefault.jpg'),
	(63, 92, 'wabO9iTjuVg', 'https://i.ytimg.com/vi/wabO9iTjuVg/sddefault.jpg'),
	(64, 132, 'lXSwk6UTsDo', 'https://i.ytimg.com/vi/lXSwk6UTsDo/sddefault.jpg'),
	(65, 132, 'oVc6Spb1g9E', 'https://i.ytimg.com/vi/oVc6Spb1g9E/sddefault.jpg'),
	(66, 132, 'v9PirZ5BqrY', 'https://i.ytimg.com/vi/v9PirZ5BqrY/sddefault.jpg'),
	(100, 140, 'nehh9L1kp08', 'https://i.ytimg.com/vi/nehh9L1kp08/mqdefault.jpg'),
	(101, 140, 'UsASMgPYPrg', 'https://i.ytimg.com/vi/UsASMgPYPrg/mqdefault.jpg'),
	(102, 140, 'Fag93doRd4Q', 'https://i.ytimg.com/vi/Fag93doRd4Q/mqdefault.jpg'),
	(103, 141, 'kR77WlHRZrs', 'https://i.ytimg.com/vi/kR77WlHRZrs/mqdefault.jpg'),
	(104, 141, 'cKsqcR_Ib3I', 'https://i.ytimg.com/vi/cKsqcR_Ib3I/mqdefault.jpg'),
	(105, 141, 'h_vPdNAcaZw', 'https://i.ytimg.com/vi/h_vPdNAcaZw/mqdefault.jpg'),
	(106, 142, 'AVGeILct6KU', 'https://i.ytimg.com/vi/AVGeILct6KU/mqdefault.jpg'),
	(107, 142, 'LigjQSECXdU', 'https://i.ytimg.com/vi/LigjQSECXdU/mqdefault.jpg'),
	(108, 142, 'GzIGnKyhRno', 'https://i.ytimg.com/vi/GzIGnKyhRno/mqdefault.jpg'),
	(109, 143, 'ruHOW4tqc7s', 'https://i.ytimg.com/vi/ruHOW4tqc7s/mqdefault.jpg'),
	(110, 143, 'b0VqL4-dSPM', 'https://i.ytimg.com/vi/b0VqL4-dSPM/mqdefault.jpg'),
	(111, 143, 'XeytlJcC9ag', 'https://i.ytimg.com/vi/XeytlJcC9ag/mqdefault.jpg'),
	(112, 147, '-fJiUp2q9gc', 'https://i.ytimg.com/vi/-fJiUp2q9gc/mqdefault.jpg'),
	(113, 147, 'i3h83yZBJyI', 'https://i.ytimg.com/vi/i3h83yZBJyI/mqdefault.jpg'),
	(114, 147, '1IMCC-U1dAg', 'https://i.ytimg.com/vi/1IMCC-U1dAg/mqdefault.jpg'),
	(115, 148, 'KymYOQy2hNU', 'https://i.ytimg.com/vi/KymYOQy2hNU/mqdefault.jpg'),
	(116, 148, 'DS1pp-z3Cao', 'https://i.ytimg.com/vi/DS1pp-z3Cao/mqdefault.jpg'),
	(117, 148, '5eQ1rf642QI', 'https://i.ytimg.com/vi/5eQ1rf642QI/mqdefault.jpg'),
	(118, 149, '4TnaTTg1R_Q', 'https://i.ytimg.com/vi/4TnaTTg1R_Q/mqdefault.jpg'),
	(119, 149, 'YDYB4jEfXOw', 'https://i.ytimg.com/vi/YDYB4jEfXOw/mqdefault.jpg'),
	(120, 149, 'q5KClxtR4Uk', 'https://i.ytimg.com/vi/q5KClxtR4Uk/mqdefault.jpg'),
	(121, 152, 'arHnit0GQ6U', 'https://i.ytimg.com/vi/arHnit0GQ6U/mqdefault.jpg'),
	(122, 152, 'fq-kJFf6d8Y', 'https://i.ytimg.com/vi/fq-kJFf6d8Y/mqdefault.jpg'),
	(123, 152, 'du9q1BldDHU', 'https://i.ytimg.com/vi/du9q1BldDHU/mqdefault.jpg'),
	(160, 172, 'aKU2x0ddgAo', 'https://i.ytimg.com/vi/aKU2x0ddgAo/mqdefault.jpg'),
	(161, 172, 'ETHJPEApB5M', 'https://i.ytimg.com/vi/ETHJPEApB5M/mqdefault.jpg'),
	(162, 172, 'Sog0sz-4xBg', 'https://i.ytimg.com/vi/Sog0sz-4xBg/mqdefault.jpg'),
	(181, 182, 'tgDMvrLNAHo', 'https://i.ytimg.com/vi/tgDMvrLNAHo/mqdefault.jpg'),
	(182, 182, 'tjJJjKKG2sA', 'https://i.ytimg.com/vi/tjJJjKKG2sA/mqdefault.jpg'),
	(183, 182, 'nBsHZVI5Y-Y', 'https://i.ytimg.com/vi/nBsHZVI5Y-Y/mqdefault.jpg');
/*!40000 ALTER TABLE `youtube` ENABLE KEYS */;

/*!40101 SET SQL_MODE=IFNULL(@OLD_SQL_MODE, '') */;
/*!40014 SET FOREIGN_KEY_CHECKS=IF(@OLD_FOREIGN_KEY_CHECKS IS NULL, 1, @OLD_FOREIGN_KEY_CHECKS) */;
/*!40101 SET CHARACTER_SET_CLIENT=@OLD_CHARACTER_SET_CLIENT */;
